"Patient","No benefits","Responder","TIDE","IFNG","MSI Expr Sig","Merck18","CD274","CD8","CTL.flag","Dysfunction","Exclusion","MDSC","CAF","TAM M2"
"EA.36fb30eefe","True","False","2.98","-1.38","0.14","-0.86","-1.25","-1.27","False","-0.37","2.98","0.15","0.30","0.02"
"SRR10842349","False","False","2.87","3.25","0.43","2.84","3.56","4.30","True","2.87","-2.13","-0.19","0.00","-0.12"
"EA.ac64c022d7","True","False","2.77","-1.26","0.28","-0.76","-1.31","-1.79","False","-0.18","2.77","0.13","0.27","0.04"
"ERR2498032","False","False","2.63","-0.70","0.09","-0.20","-1.17","-1.27","False","0.25","2.63","0.01","0.35","0.05"
"EA.b54c43ca1b","True","False","2.56","-1.33","0.18","-0.81","-0.99","-0.59","False","0.25","2.56","-0.02","0.38","0.04"
"SRR2774280","False","False","2.56","1.04","0.42","1.29","1.98","1.86","True","2.56","-1.67","-0.16","-0.00","-0.07"
"SRR10842377","False","False","2.53","3.49","0.72","2.71","3.05","6.18","True","2.53","-3.23","-0.20","-0.20","-0.09"
"EA.3ad49038f2","True","False","2.45","-1.91","0.50","-1.56","-2.42","-1.93","False","-0.81","2.45","0.14","0.21","0.03"
"ERR2208936","True","False","2.44","-1.82","0.16","-1.19","-1.75","-1.77","False","-0.37","2.44","0.11","0.24","0.03"
"SRR3184287","True","False","2.42","-2.32","0.24","-1.70","-1.76","-1.86","False","-0.44","2.42","0.18","0.18","0.01"
"SRR10900592","True","False","2.40","-2.24","0.35","-1.20","-1.98","-1.52","False","-0.12","2.40","0.12","0.22","0.04"
"ERR2208919","True","False","2.40","-1.50","0.21","-0.99","-1.32","-1.19","False","-0.19","2.40","0.11","0.26","0.01"
"SRR5088834","False","False","2.38","2.33","0.68","1.88","2.13","3.29","True","2.38","-3.08","-0.16","-0.26","-0.05"
"EA.b8db47d981","False","False","2.36","-0.99","0.57","-0.94","-1.69","-1.32","False","-1.55","2.36","0.15","0.15","0.05"
"EA.2b309823f7","False","False","2.35","-0.52","0.26","-0.49","0.53","-1.59","False","-0.93","2.35","0.12","0.20","0.04"
"SAM1c8b086175ca","True","False","2.33","-1.16","0.12","-0.34","-0.83","-0.22","False","0.47","2.33","-0.01","0.40","-0.01"
"EA.c6ea6b22ce","True","False","2.31","-1.15","0.18","-0.35","-0.81","-1.65","False","0.23","2.31","0.04","0.35","-0.01"
"EA.a4c70ff372","False","False","2.29","-0.06","0.62","-1.01","-1.86","-1.51","False","-1.44","2.29","0.26","0.06","0.02"
"EA.85533b88f5","False","False","2.27","-0.15","0.41","-0.75","-0.38","-1.48","False","-1.58","2.27","0.17","0.15","0.02"
"ERR2498030","True","False","2.25","-1.47","0.24","-0.93","-1.69","-1.16","False","-0.47","2.25","0.05","0.19","0.11"
"SAMef0e3d2415fd","False","False","2.24","2.66","0.47","2.27","2.05","4.86","True","2.24","-1.92","-0.24","0.04","-0.07"
"SAM59fda9035d1d","True","False","2.22","-1.43","0.12","-0.85","0.12","-1.88","False","0.52","2.22","-0.01","0.39","-0.02"
"SAM26104d5adc89","True","False","2.21","-1.69","0.37","-1.20","-1.09","-1.09","False","-0.56","2.21","0.09","0.23","0.02"
"EA.ef4f5802e1","False","False","2.19","-0.13","0.71","-0.53","-1.12","-1.53","False","-0.18","2.19","0.16","0.13","0.04"
"EA.3c1c49517a","False","False","2.18","0.80","0.65","-0.11","-0.80","-0.74","False","-1.32","2.18","0.19","0.14","-0.01"
"EA.d13394b0ef","False","False","2.17","-0.90","0.12","-0.44","0.62","0.11","False","0.36","2.17","-0.00","0.35","0.01"
"EA.6157b40595","False","False","2.14","1.76","0.14","1.40","0.87","2.06","True","2.14","-2.35","-0.19","-0.02","-0.13"
"EA.100ce2ecda","False","False","2.13","-0.83","0.29","-0.55","-0.70","-1.55","False","-0.05","2.13","0.08","0.29","-0.03"
"ERR2208903","True","False","2.12","-1.50","0.40","-0.95","-1.50","-1.15","False","-0.44","2.12","0.13","0.17","0.02"
"SRR3184306","False","False","2.09","1.90","0.49","1.73","2.13","1.81","True","2.09","-2.59","-0.13","-0.22","-0.05"
"EA.63ddec6c3b","False","False","2.09","-0.73","0.76","-0.78","-0.09","-1.38","False","-1.38","2.09","0.17","0.09","0.05"
"ERR2208895","False","False","2.07","-0.73","0.38","-0.58","-1.54","-1.00","False","-0.14","2.07","0.14","0.14","0.04"
"SRR5088929","False","False","2.07","1.82","0.42","1.75","1.80","2.76","True","2.07","-2.34","-0.30","0.06","-0.09"
"EA.c10ae20da0","True","False","2.04","-1.44","0.59","-1.13","-2.35","-1.74","False","-0.69","2.04","0.11","0.15","0.05"
"EA.a4e123b69e","True","False","2.03","-2.67","0.77","-1.75","-2.74","1.24","False","-1.24","2.03","0.19","0.00","0.10"
"SAM025b45c27e05","True","False","2.02","-1.32","0.12","-0.65","-1.17","-1.37","False","-0.16","2.02","-0.00","0.33","0.01"
"ERR3262563","True","False","2.02","-1.24","0.65","-0.62","0.44","-1.38","False","-0.70","2.02","0.16","0.14","-0.01"
"EA.44cc76c6db","False","False","2.01","-0.93","0.25","-0.27","0.37","-0.16","False","0.65","2.01","0.02","0.31","-0.00"
"SRR10899976","False","False","2.00","-0.98","0.24","-1.00","-1.75","-1.01","False","-0.94","2.00","0.19","0.03","0.07"
"EA.24fb5134f9","False","False","1.96","-0.07","0.34","0.20","-0.98","-0.08","False","0.21","1.96","-0.04","0.31","0.05"
"EA.628af3e0bc","False","False","1.95","-0.63","0.53","-0.34","-0.72","-0.12","False","0.16","1.95","0.13","0.17","-0.01"
"SAMb2e4a082541a","False","False","1.95","1.61","0.44","1.24","2.23","2.25","True","1.95","-2.44","-0.21","-0.13","-0.03"
"SRR3184303","False","False","1.95","-0.77","0.07","-0.66","-1.54","-1.05","False","0.31","1.95","0.09","0.20","0.01"
"SRR5088904","False","False","1.94","0.29","0.28","0.83","1.51","0.36","True","1.94","-1.69","-0.35","0.16","-0.04"
"EA.0aa9921a07","False","False","1.93","0.94","0.06","0.70","-0.58","0.06","True","1.93","-0.80","-0.11","0.06","-0.05"
"SAM73b653ae20d1","False","False","1.93","0.07","0.11","0.31","4.88","-0.79","False","-0.58","1.93","0.18","0.15","-0.04"
"SAM49d48750e294","True","False","1.92","-1.54","0.19","-0.70","-1.01","-1.27","False","0.22","1.92","-0.01","0.31","0.01"
"SAMd2492b2a31bb","False","False","1.92","0.64","0.28","0.12","1.59","-0.50","False","-0.00","1.92","0.04","0.31","-0.05"
"ERR2497995","False","False","1.92","1.46","0.06","1.10","3.83","1.80","True","1.92","-1.87","-0.14","0.07","-0.19"
"SRR5088864","True","False","1.90","-2.59","0.32","-1.81","-2.11","-1.93","False","-1.86","1.90","0.20","-0.03","0.11"
"SRR5088872","False","False","1.90","1.13","0.68","1.14","-0.54","1.46","True","1.90","-0.35","-0.11","0.05","0.01"
"SAMd215b503f99a","False","False","1.89","-0.66","0.28","-0.08","-0.38","-1.07","False","0.27","1.89","-0.00","0.33","-0.02"
"SAM52e3fa3ad574","False","False","1.88","1.18","0.55","1.49","0.70","2.73","True","1.88","-3.01","-0.19","-0.28","0.00"
"EA.0f8bd46cdd","False","False","1.87","1.45","0.33","1.10","1.31","1.37","True","1.87","-1.92","-0.15","-0.04","-0.09"
"EA.557679b25e","True","False","1.87","-1.36","0.40","-1.24","-0.87","-2.39","False","-0.87","1.87","0.16","0.11","0.02"
"SRR10842366","False","False","1.87","3.05","0.54","2.21","1.91","2.62","True","1.87","-1.76","-0.09","-0.07","-0.10"
"SRR10900574","True","False","1.85","-1.43","0.57","-0.98","-1.43","-1.27","False","-1.00","1.85","0.14","0.09","0.06"
"ERR2208889","True","False","1.84","-1.51","0.09","-1.13","-1.09","-1.27","False","-1.26","1.84","0.14","0.08","0.06"
"EA.3c335b9f14","True","False","1.83","-1.64","0.33","-1.08","-1.33","-1.44","False","-0.18","1.83","0.05","0.22","0.03"
"SRR10900568","True","False","1.83","-1.95","0.27","-0.98","-1.40","-1.33","False","-0.47","1.83","0.12","0.13","0.03"
"SAM95c70496ffb5","False","False","1.82","0.67","0.19","0.96","0.54","2.18","True","1.82","-0.12","-0.08","0.10","-0.02"
"SRR2777976","True","False","1.79","-1.02","0.20","-1.12","-1.34","-1.71","False","-1.03","1.79","0.17","0.08","0.02"
"ERR2208899","False","False","1.78","0.36","0.50","0.52","0.11","0.88","True","1.78","-3.17","-0.22","-0.28","0.02"
"EA.3ccf6755a0","True","False","1.78","-1.31","0.37","-0.68","-0.90","-1.52","False","0.55","1.78","0.03","0.26","0.00"
"SRR5088914","False","False","1.76","0.37","0.22","0.35","-0.58","0.39","False","0.39","1.76","0.04","0.26","-0.02"
"EA.2c154c68ad","False","False","1.76","0.51","0.65","0.40","3.64","-0.19","False","-0.43","1.76","0.18","0.11","-0.02"
"EA.bd84107f9d","True","False","1.75","-2.29","0.46","-1.49","0.21","-1.93","False","-0.58","1.75","0.08","0.12","0.06"
"EA.7a3e67166e","False","False","1.75","1.61","0.69","1.64","2.40","3.41","True","1.75","-2.05","-0.10","-0.11","-0.10"
"EA.862a997bc9","True","False","1.75","-2.37","0.91","-1.51","-2.85","-1.90","False","-1.56","1.75","0.11","0.09","0.05"
"SAMf20b827dca51","False","False","1.75","1.39","0.47","1.40","1.84","2.91","True","1.75","-1.41","-0.18","0.01","-0.03"
"SAMfd947610629d","True","False","1.73","-1.36","0.22","-0.61","-0.99","-1.12","False","0.74","1.73","-0.02","0.28","0.03"
"EA.a1a289d9c3","True","False","1.73","-1.12","0.40","-0.84","-1.79","-0.80","False","-0.36","1.73","0.07","0.20","0.01"
"EA.cd2cd25f73","False","False","1.72","-0.18","0.09","0.50","-0.28","2.89","True","1.72","-1.44","-0.07","-0.11","-0.03"
"SRR5088819","True","False","1.71","-2.53","0.12","-1.90","-2.13","-2.07","False","-2.15","1.71","0.16","-0.02","0.11"
"EA.c301512e66","False","False","1.71","-0.27","0.32","0.23","1.37","-0.31","False","-0.39","1.71","0.02","0.24","0.00"
"ERR2208893","True","False","1.71","-1.52","0.70","-1.09","-1.38","-1.52","False","-1.42","1.71","0.14","0.04","0.07"
"SAM5d989c86255e","False","False","1.70","-0.83","0.26","-0.69","-1.02","-0.99","False","-0.93","1.70","0.05","0.15","0.05"
"SAMfed609955db9","True","False","1.70","-1.33","0.22","-0.85","0.16","-1.40","False","-1.07","1.70","0.09","0.13","0.05"
"EA.94c6ba1664","True","False","1.69","-3.21","0.59","-2.14","1.20","-2.75","False","-1.36","1.69","0.20","-0.01","0.06"
"SRR10900581","True","False","1.69","-1.82","0.43","-1.30","-1.49","-1.59","False","-1.87","1.69","0.16","0.06","0.02"
"EA.d244d2ddaa","False","False","1.67","0.52","0.91","-0.17","-0.09","-1.05","False","-1.28","1.67","0.18","0.05","0.02"
"SAM553c3c35b847","False","False","1.65","2.64","0.42","1.93","2.54","2.97","True","1.65","-1.52","-0.14","0.02","-0.11"
"SAMd027124354ce","False","False","1.64","-0.82","0.16","-0.53","-0.50","0.00","False","-0.50","1.64","0.10","0.13","0.01"
"ERR3262565","True","False","1.64","-2.32","0.28","-1.65","-1.69","-1.81","False","-1.51","1.64","0.17","-0.03","0.09"
"gerald_H5NKVBBXX_7_GAATTCGT.TATAGCCT","False","False","1.64","1.75","0.58","1.02","0.48","0.89","True","1.64","-1.70","-0.09","-0.15","-0.01"
"SRR5088885","True","False","1.63","-1.63","0.14","-0.84","-0.94","-0.37","False","0.28","1.63","0.12","0.11","0.02"
"SRR2771286","False","False","1.63","1.39","0.40","1.09","0.79","2.33","True","1.63","-0.11","-0.17","0.22","-0.04"
"EA.1d92342e87","False","False","1.61","0.68","0.65","-0.02","0.73","-0.94","False","-0.02","1.61","0.09","0.19","-0.03"
"SRR2778078","False","False","1.61","2.57","0.83","2.04","2.12","4.03","True","1.61","-2.05","-0.12","-0.12","-0.07"
"SRR8281246","False","False","1.60","0.07","0.31","0.36","1.97","-0.55","False","-0.31","1.60","0.11","0.23","-0.08"
"SRR5088846","False","False","1.60","1.99","0.55","1.56","3.35","2.72","True","1.60","-0.69","-0.04","-0.03","-0.04"
"SAM957378bd907f","False","False","1.59","1.16","0.48","1.22","1.64","1.88","True","1.59","-2.74","-0.20","-0.20","-0.02"
"SAMeb587a68006b","False","False","1.58","-0.26","0.16","-0.33","-1.04","-0.74","False","-0.50","1.58","-0.01","0.26","0.02"
"ERR2208898","True","False","1.57","-1.44","0.04","-0.53","-1.76","-1.25","False","0.46","1.57","0.13","0.09","0.02"
"EA.132f12c9b2","False","False","1.56","1.02","0.21","0.72","0.71","1.76","True","1.56","-0.43","-0.08","0.11","-0.09"
"SRR5088878","True","False","1.56","-1.01","0.36","-1.00","-1.21","-1.55","False","-1.32","1.56","0.19","0.06","-0.01"
"SAMdee1011782cd","False","False","1.56","0.89","0.21","0.94","-0.52","1.06","True","1.56","-0.14","-0.16","0.20","-0.04"
"SAMe0c49ea0df5d","False","False","1.56","0.38","0.23","0.19","-0.27","-0.77","False","0.59","1.56","0.03","0.20","0.01"
"SAM2bba8cb35e48","True","False","1.55","-1.33","0.36","-0.59","-1.35","0.38","False","-0.14","1.55","-0.02","0.27","0.01"
"SRR3184288","True","False","1.55","-1.84","0.48","-1.26","-1.44","-2.04","False","-0.26","1.55","0.12","0.13","-0.01"
"EA.083310024e","True","False","1.55","-1.86","0.66","-1.47","-2.08","-1.64","False","-0.97","1.55","0.15","0.04","0.04"
"SRR10899983","False","False","1.55","0.47","0.22","0.58","2.49","-0.48","False","0.82","1.55","0.09","0.18","-0.02"
"SRR10900575","False","False","1.55","1.09","0.24","0.62","-0.24","-0.02","False","1.13","1.55","0.12","0.19","-0.06"
"EA.356e6d6807","True","False","1.55","-1.91","0.53","-1.15","-2.39","1.83","False","-1.22","1.55","0.17","-0.03","0.09"
"SAMee3844cc0b9f","False","False","1.53","1.46","0.10","0.92","0.42","0.53","True","1.53","0.37","-0.14","0.28","-0.05"
"ERR2497996","False","False","1.53","1.39","0.23","0.02","0.44","-1.23","False","-0.51","1.53","0.15","0.16","-0.08"
"EA.242e0f38cd","False","False","1.53","-0.71","0.70","-0.24","-0.63","-0.79","False","-0.65","1.53","0.08","0.13","0.02"
"SAMa913c6139ec8","False","False","1.53","0.23","0.44","0.82","0.15","1.96","True","1.53","-1.34","-0.14","-0.01","-0.05"
"SRR10899999","True","False","1.52","-1.35","0.14","-0.31","-0.98","-0.75","False","0.28","1.52","0.11","0.11","0.01"
"EA.d9824f1ef6","False","False","1.51","-0.25","0.18","-0.78","-0.78","-1.00","False","-0.86","1.51","0.03","0.21","0.01"
"EA.f482568c5e","True","False","1.51","-3.67","0.60","-1.88","0.28","-2.62","False","-0.92","1.51","0.19","-0.02","0.05"
"ERR2498001","False","False","1.51","-0.63","0.19","-0.38","-1.04","1.55","False","-0.57","1.51","0.17","0.01","0.04"
"EA.a761874343","False","False","1.51","-0.15","0.64","-0.22","-0.77","-0.61","False","-0.92","1.51","0.14","0.05","0.02"
"EA.177c304419","False","False","1.51","1.92","0.29","1.57","2.99","2.24","True","1.51","-0.41","0.02","0.04","-0.11"
"EA.a14bed6382","False","False","1.50","1.38","0.34","1.47","3.03","2.66","True","1.50","-2.16","-0.20","-0.08","-0.05"
"SAM09c84ec0cf34","True","False","1.50","-2.24","0.46","-1.47","-1.60","-2.45","False","-0.51","1.50","0.04","0.20","-0.00"
"SAM75f12d1a55fc","False","False","1.50","1.73","0.54","1.26","1.66","1.53","True","1.50","-0.96","-0.14","0.03","-0.03"
"SRR5088824","False","False","1.50","2.96","0.61","1.78","1.67","2.15","True","1.50","-0.47","-0.12","0.13","-0.06"
"SAM2624229effe8","False","False","1.49","-0.23","0.34","0.00","-0.70","1.24","False","0.86","1.49","-0.06","0.27","0.03"
"SRR10899975","False","False","1.49","1.06","0.59","0.70","0.96","1.14","True","1.49","-2.12","-0.29","0.03","-0.05"
"EA.2efcaeda94","False","False","1.48","0.77","0.28","0.96","0.67","1.75","True","1.48","-0.89","-0.19","0.06","0.00"
"SAM8a42c0d59187","True","False","1.48","-2.58","0.61","-1.68","-0.04","-1.78","False","-1.43","1.48","0.15","-0.02","0.08"
"EA.6542c831e7","True","False","1.48","-1.65","0.20","-1.17","-2.01","-1.01","False","-1.03","1.48","0.16","0.05","0.01"
"EA.ad84a46783","True","False","1.47","-2.70","0.63","-1.57","-0.71","-2.34","False","-1.39","1.47","0.12","0.06","0.04"
"SRR5088831","False","False","1.47","-0.67","0.56","-0.57","-1.14","-1.02","False","0.65","1.47","0.10","0.12","0.02"
"SRR10899997","True","False","1.46","-1.24","0.40","-0.71","-0.85","-1.53","False","-0.18","1.46","0.11","0.06","0.06"
"EA.9d5f0b23a1","False","False","1.45","0.57","0.88","0.00","0.29","0.00","False","-1.12","1.45","0.11","0.07","0.04"
"gerald_H5NKVBBXX_7_GAGATTCC.ATAGAGGC","False","False","1.45","0.22","0.61","0.20","0.21","-0.40","False","-0.41","1.45","0.02","0.19","0.02"
"EA.727bae315b","False","False","1.45","1.36","0.86","-0.19","-0.40","-0.70","False","-1.24","1.45","0.14","0.08","-0.00"
"EA.21afb03371","False","False","1.45","0.37","0.56","0.06","-1.23","-0.07","False","-0.20","1.45","0.08","0.13","0.01"
"EA.b4759d069f","True","False","1.44","-2.32","0.93","-1.69","0.19","-1.48","False","-1.52","1.44","0.18","-0.03","0.06"
"SRR3184290","False","False","1.44","0.46","0.45","0.23","4.15","-0.96","False","-0.15","1.44","0.16","0.10","-0.04"
"EA.dc95d4320d","True","False","1.44","-2.43","0.76","-1.72","-2.15","-1.05","False","-0.92","1.44","0.16","0.00","0.05"
"gerald_H5NKVBBXX_7_GAGATTCC.TATAGCCT","False","False","1.43","0.49","0.76","0.45","0.52","-0.34","False","-0.10","1.43","-0.04","0.27","0.01"
"EA.e3164c819f","False","False","1.43","-0.62","0.23","-0.64","-2.25","-1.28","False","-1.05","1.43","0.09","0.08","0.04"
"EA.a497ba27db","False","False","1.43","0.35","0.17","0.54","-0.89","0.96","False","0.75","1.43","0.07","0.19","-0.03"
"ERR2208960","False","False","1.43","1.11","0.70","1.27","1.14","2.06","True","1.43","-2.12","-0.15","-0.09","-0.08"
"SRR10900580","False","False","1.43","-0.46","0.44","-0.31","-0.74","-0.86","False","-0.72","1.43","0.11","0.08","0.03"
"SRR5088895","True","False","1.43","-1.62","0.45","-1.08","-1.46","-1.73","False","-1.17","1.43","0.13","0.03","0.05"
"gerald_H5NKVBBXX_5_ATTACTCG.CCTATCCT","True","False","1.42","-1.36","0.35","-0.45","0.19","-0.85","False","-0.27","1.42","-0.04","0.29","-0.01"
"SAM3330c03fdf00","False","False","1.42","1.56","0.35","1.20","1.37","2.19","True","1.42","-2.39","-0.21","-0.15","0.00"
"SAM0bdb3428bd13","True","False","1.42","-1.21","0.20","-0.41","-0.87","-0.73","False","0.64","1.42","-0.04","0.25","0.02"
"EA.8f00f63c45","False","False","1.41","-0.53","0.90","-0.55","0.28","-0.66","False","-0.91","1.41","0.12","0.10","-0.01"
"EA.33e92f77b0","False","False","1.41","1.59","0.58","0.92","0.59","1.82","True","1.41","-0.64","-0.09","0.07","-0.08"
"ERR2208961","False","False","1.40","0.69","0.43","0.95","1.03","2.84","True","1.40","-2.46","-0.22","-0.10","-0.05"
"SAM8e469834acc1","False","False","1.40","-0.51","0.29","-0.29","-0.81","-0.52","False","0.23","1.40","-0.04","0.23","0.04"
"EA.456d496537","False","False","1.40","1.53","0.39","0.80","0.76","-0.39","False","0.78","1.40","0.02","0.28","-0.06"
"SAM23095936e611","True","False","1.40","-1.77","0.53","-1.00","-1.30","-1.65","False","-1.04","1.40","0.15","-0.03","0.08"
"SAM187e056d6a2a","True","False","1.39","-1.79","0.39","-0.85","-1.55","-1.06","False","0.33","1.39","0.06","0.13","0.03"
"EA.fde78bb036","False","False","1.39","2.89","0.44","1.66","1.46","1.23","True","1.39","-2.14","-0.15","-0.03","-0.14"
"EA.761216c890","False","False","1.38","0.72","0.40","0.14","1.00","-0.65","False","-0.70","1.38","0.06","0.15","-0.00"
"ERR2208943","False","False","1.37","-0.91","0.41","-0.31","0.09","-0.91","False","0.38","1.37","0.03","0.20","-0.01"
"ERR2208888","True","False","1.37","-2.08","0.17","-1.37","-1.76","-1.88","False","-0.87","1.37","0.14","-0.00","0.07"
"SRR5088861","True","False","1.37","-1.42","0.42","-1.17","-1.02","-2.02","False","-1.71","1.37","0.17","0.03","0.00"
"SRR8281230","True","False","1.37","-1.31","0.50","-0.79","-0.36","-1.39","False","-0.74","1.37","0.16","0.02","0.03"
"EA.a5673d3d6d","True","False","1.37","-1.84","0.44","-0.96","-0.73","-1.40","False","-0.74","1.37","0.15","0.01","0.05"
"SRR8281238","False","False","1.36","0.24","0.09","0.20","-0.93","1.04","True","1.36","-1.90","-0.13","-0.07","-0.07"
"SAMf2ce197162ce","False","False","1.35","-0.97","0.19","-0.46","-0.27","-0.73","False","-0.44","1.35","0.06","0.17","-0.02"
"SAM59289ca42c99","False","False","1.35","0.94","0.18","0.79","0.90","0.52","True","1.35","-0.19","-0.05","0.14","-0.10"
"EA.e1b5906f69","False","False","1.35","-0.68","0.53","-0.42","-0.58","-2.05","False","0.17","1.35","-0.05","0.27","0.01"
"SRR2778056","False","False","1.35","2.05","0.68","1.82","2.27","2.81","True","1.35","-1.12","-0.08","-0.02","-0.07"
"SAM0571f17f4045","False","False","1.35","2.18","0.55","1.69","1.08","3.45","True","1.35","-2.84","-0.15","-0.26","-0.02"
"EA.15ef0fa6c6","False","False","1.35","0.87","0.33","0.74","1.23","0.52","False","0.79","1.35","0.02","0.21","-0.02"
"SAMae02629a97f7","True","False","1.35","-1.92","0.68","-1.15","-1.91","-1.41","False","-0.61","1.35","0.14","-0.02","0.08"
"SAMc2a1820d4e6b","False","False","1.34","1.78","0.63","0.93","-0.11","1.83","True","1.34","-0.55","-0.11","0.05","-0.01"
"EA.89b9b44dd0","False","False","1.34","0.38","0.87","-0.17","-1.24","-0.74","False","-0.54","1.34","0.19","-0.01","0.02"
"SAM8b4b8b0f9e73","False","False","1.34","0.63","0.23","0.74","0.34","1.48","True","1.34","-0.28","-0.14","0.12","-0.01"
"SRR10900553","False","False","1.33","-0.89","0.58","-0.95","-1.48","-1.42","False","-1.79","1.33","0.14","0.02","0.03"
"ERR2208938","False","False","1.33","0.41","0.23","0.09","0.14","-0.20","False","0.35","1.33","0.05","0.20","-0.03"
"ERR2208939","False","False","1.31","-0.98","0.55","-0.53","0.05","-1.21","False","-0.29","1.31","0.07","0.14","-0.00"
"EA.099ca15e52","False","False","1.31","1.78","0.33","1.08","0.64","1.19","True","1.31","-1.00","-0.12","0.01","-0.04"
"SAM166a419a4e5a","False","False","1.30","0.29","0.36","0.28","0.15","0.46","False","0.55","1.30","-0.09","0.34","-0.03"
"EA.4d9cf3d1f2","False","False","1.30","-0.07","0.64","-0.58","-0.64","-0.02","False","-1.04","1.30","0.17","0.01","0.01"
"SAM1dda30f1c5be","False","False","1.29","0.57","0.16","0.00","-0.28","-0.86","False","0.37","1.29","-0.03","0.27","-0.02"
"EA.0e771b891a","False","False","1.29","1.44","0.34","0.48","2.57","-0.11","False","-0.13","1.29","0.09","0.16","-0.05"
"SAM727c0e92a2a7","False","False","1.29","2.88","0.46","1.78","2.17","2.35","True","1.29","-2.35","-0.15","-0.14","-0.07"
"ERR2498002","False","False","1.29","0.09","0.08","0.36","-1.00","0.74","False","0.97","1.29","-0.09","0.27","0.03"
"SRR5088850","True","False","1.28","-2.62","0.80","-1.60","-1.47","-2.03","False","-1.08","1.28","0.06","0.05","0.08"
"SAMbd8ee73983b8","True","False","1.28","-1.36","0.14","-0.68","-1.41","-1.10","False","-0.18","1.28","0.06","0.12","0.02"
"SRR10900013","False","False","1.28","-0.43","0.37","-0.01","-0.50","-0.85","False","0.28","1.28","0.06","0.16","-0.03"
"EA.d571e7c50b","True","False","1.27","-1.66","0.45","-1.11","1.05","-2.52","False","-1.14","1.27","0.13","0.01","0.04"
"EA.790c4d771c","True","False","1.27","-1.12","0.68","-0.61","-0.57","-1.02","False","-0.49","1.27","0.08","0.05","0.05"
"EA.9badac236f","False","False","1.27","0.24","0.74","0.63","0.52","1.60","True","1.27","-1.99","-0.09","-0.23","0.01"
"SRR10842375","True","False","1.26","-1.89","0.62","-1.32","-1.08","-1.79","False","-1.24","1.26","0.10","0.13","-0.03"
"SRR10900562","False","False","1.26","2.35","0.44","1.57","0.61","2.03","True","1.26","-0.88","0.01","-0.10","-0.06"
"ERR2208966","False","False","1.25","2.27","0.77","1.27","2.29","2.51","True","1.25","-1.99","-0.06","-0.10","-0.15"
"EA.ff30a13d85","False","False","1.25","-0.79","0.09","-0.99","-0.78","-1.93","False","0.10","1.25","0.08","0.20","-0.08"
"SRR2778466","False","False","1.24","0.25","0.65","-0.17","-0.62","0.28","False","-0.65","1.24","0.18","0.00","0.00"
"EA.56db92957b","False","False","1.24","2.15","0.80","0.59","0.54","-0.38","False","-0.25","1.24","0.16","0.10","-0.07"
"EA.dd41197452","False","False","1.24","0.90","0.32","0.81","-0.84","1.46","True","1.24","-1.63","-0.16","-0.08","0.00"
"SAM9539a4f19ebc","True","False","1.24","-1.65","0.46","-1.22","-0.65","-1.93","False","-0.77","1.24","0.13","-0.01","0.06"
"EA.6d3ddbe718","False","False","1.24","-0.11","0.28","0.79","-0.80","1.99","True","1.24","0.37","-0.16","0.20","0.03"
"SAM491e341d5a82","False","False","1.23","-0.79","0.68","-0.79","-0.65","-1.26","False","-1.40","1.23","0.11","0.00","0.06"
"ERR2208959","True","False","1.23","-1.23","0.32","-0.56","-0.85","-0.90","False","0.34","1.23","0.03","0.14","0.02"
"SAM1f3c93814cb9","False","False","1.23","-0.33","0.65","0.27","0.57","0.20","True","1.23","0.16","-0.05","0.07","0.02"
"SAM81b71522417a","True","False","1.23","-2.04","0.24","-1.46","-1.81","0.39","False","-1.42","1.23","0.18","-0.09","0.08"
"SAMc0d625a50eb8","True","False","1.23","-1.12","0.51","-0.35","-0.44","-0.94","False","0.57","1.23","-0.11","0.32","0.00"
"ERR2208916","True","False","1.22","-1.32","0.28","-0.71","-1.10","-1.37","False","0.07","1.22","-0.05","0.19","0.06"
"EA.48a03cbf77","False","False","1.22","-0.61","0.31","-0.53","0.48","-1.45","False","0.23","1.22","0.05","0.14","-0.01"
"SAMc97f35a29d16","True","False","1.22","-2.39","0.42","-1.63","-2.36","-1.27","False","-0.32","1.22","0.12","-0.01","0.07"
"ERR2497991","True","False","1.21","-2.49","0.51","-1.99","-1.28","-2.44","False","-0.58","1.21","0.14","-0.04","0.07"
"ERR2208931","True","False","1.21","-1.67","0.23","-0.97","-1.47","-1.13","False","0.23","1.21","0.09","0.06","0.04"
"ERR2208920","False","False","1.21","1.00","0.65","0.99","0.13","1.16","True","1.21","-0.83","-0.06","-0.01","-0.05"
"SRR10842373","False","False","1.20","-0.93","0.27","-0.79","-0.68","-1.05","False","-0.70","1.20","0.16","0.02","-0.00"
"SRR2780123","True","False","1.20","-2.32","0.79","-1.05","-0.54","-1.76","False","-1.06","1.20","0.13","-0.02","0.07"
"SRR8281228","False","False","1.20","0.11","0.32","0.45","1.02","-0.03","False","0.61","1.20","-0.02","0.27","-0.04"
"EA.fa140178ee","False","False","1.20","1.11","0.22","0.76","-0.17","0.97","True","1.20","-1.83","-0.18","-0.09","-0.01"
"ERR2498025","False","False","1.20","0.95","0.27","0.75","2.46","0.12","False","0.05","1.20","0.07","0.17","-0.06"
"SAM9daccafc18db","False","False","1.19","-0.35","0.23","-0.04","-0.68","-0.54","False","-0.16","1.19","0.04","0.16","-0.01"
"EA.21376a9772","False","False","1.19","-0.80","0.61","-0.74","-0.67","-1.42","False","-1.35","1.19","0.07","0.07","0.02"
"SAMe9475f77504b","False","False","1.19","0.71","0.26","0.12","-0.23","0.31","False","-0.66","1.19","-0.00","0.21","-0.01"
"ERR2208945","False","False","1.19","0.11","0.35","0.24","-0.38","0.91","False","-0.07","1.19","0.06","0.08","0.04"
"EA.94f2196850","False","False","1.18","1.55","0.44","1.01","2.60","0.40","True","1.18","0.92","-0.03","0.24","-0.05"
"SRR3184295","False","False","1.18","1.41","0.37","0.93","0.54","0.94","True","1.18","0.02","-0.14","0.19","-0.02"
"SAM25510f300d79","True","False","1.18","-1.58","0.62","-1.21","-0.88","-1.69","False","-1.22","1.18","0.09","0.10","-0.01"
"EA.0bdbd01b6d","False","False","1.17","1.60","0.82","0.46","2.28","-1.10","False","-0.52","1.17","0.11","0.07","-0.00"
"SRR2777065","True","False","1.17","-2.35","0.37","-1.26","-1.33","-1.78","False","-0.80","1.17","0.12","0.02","0.04"
"EA.164d62ea96","False","False","1.17","-0.89","0.44","-0.14","-1.86","-0.02","False","0.04","1.17","0.02","0.09","0.07"
"EA.6f367223f6","False","False","1.17","1.38","0.66","1.00","0.33","1.80","True","1.17","-1.44","-0.07","-0.08","-0.07"
"SRR10899984","True","False","1.17","-1.82","0.35","-1.23","-1.14","-1.47","False","-1.19","1.17","0.11","-0.02","0.08"
"EA.41a13f6858","True","False","1.17","-1.31","0.82","-1.22","-1.24","-0.86","False","-1.20","1.17","0.12","0.02","0.04"
"ERR2497998","True","False","1.15","-1.35","0.15","-1.01","-1.62","-1.67","False","-0.98","1.15","0.10","0.02","0.05"
"ERR2497997","False","False","1.15","-0.93","0.05","-0.43","-0.90","0.54","False","0.25","1.15","0.06","0.11","0.02"
"gerald_H5NKVBBXX_6_AGCGATAG.TATAGCCT","True","False","1.15","-1.32","0.41","-0.35","-1.07","-0.86","False","0.55","1.15","0.04","0.12","0.03"
"ERR2208952","False","False","1.15","2.11","0.77","0.91","2.47","1.12","True","1.15","-1.53","-0.12","-0.07","-0.04"
"ERR2208923","False","False","1.14","1.61","0.48","0.77","2.91","0.79","False","-0.23","1.14","0.13","0.13","-0.07"
"SAM7fb6987514a4","False","False","1.14","3.39","0.68","1.82","0.90","2.87","True","1.14","-0.94","-0.08","0.04","-0.10"
"SRR10900000","True","False","1.14","-1.60","0.17","-1.18","-1.66","-1.34","False","-1.08","1.14","0.12","0.03","0.03"
"SAM31f41dd0d6ca","False","False","1.14","0.04","0.39","0.38","-0.53","0.22","True","1.14","0.14","-0.04","0.07","0.00"
"ERR2498011","False","False","1.13","2.03","0.80","1.66","1.51","3.13","True","1.13","-1.69","-0.03","-0.15","-0.09"
"EA.9efb7c0960","False","False","1.13","2.14","0.41","1.29","1.97","2.76","True","1.13","-1.44","-0.10","0.07","-0.17"
"SRR2669446","True","False","1.13","-2.16","0.31","-1.43","-0.92","-1.67","False","-0.82","1.13","0.13","0.03","0.02"
"SAMdad5c29dc105","False","False","1.13","0.14","0.51","-0.40","-0.68","-1.10","False","-1.27","1.13","0.12","-0.01","0.05"
"EA.62b2326200","False","False","1.13","0.00","0.88","-0.35","-0.37","-0.46","False","-1.22","1.13","0.10","0.09","-0.03"
"EA.eba6b7475e","False","False","1.13","0.66","0.40","-0.41","-0.85","-0.94","False","-1.34","1.13","0.10","0.06","0.01"
"EA.dac81ad023","True","False","1.12","-2.28","0.27","-1.66","-1.75","-2.03","False","-0.71","1.12","0.14","-0.01","0.03"
"EA632174","False","False","1.12","-0.49","0.36","0.23","0.19","0.67","True","1.12","-0.79","-0.08","-0.04","0.00"
"SAMe97af0feefdf","True","False","1.12","-1.31","0.38","-0.49","-1.29","-0.49","False","0.03","1.12","0.10","0.02","0.05"
"P66425_02F_Run1_S7_L001","False","False","1.12","1.49","0.52","1.46","0.10","2.37","True","1.12","-1.01","-0.07","-0.09","-0.01"
"EA.d5d337b227","False","False","1.12","0.98","0.60","0.04","-0.54","0.89","False","-0.63","1.12","0.06","0.09","0.02"
"EA.2f86e5f81f","False","False","1.12","0.17","0.78","0.70","0.77","0.87","True","1.12","-1.05","-0.15","0.01","-0.01"
"gerald_H5NKVBBXX_6_AGCGATAG.ATAGAGGC","False","False","1.12","0.09","0.62","0.09","-1.45","-0.69","False","-0.24","1.12","0.02","0.15","0.02"
"P66425_06G_Run1_S30_L002","False","False","1.11","0.52","0.25","1.05","-0.13","1.13","True","1.11","-0.17","-0.02","0.01","-0.01"
"SRR10900577","True","False","1.11","-2.09","0.41","-1.25","-1.82","-1.54","False","-1.27","1.11","0.05","0.04","0.07"
"SRR10899967","True","False","1.11","-1.86","0.69","-0.90","-0.47","-1.67","False","-0.15","1.11","-0.01","0.18","0.01"
"EA.fa41a06cdf","False","False","1.11","-0.20","0.63","-0.49","0.78","-0.64","False","0.11","1.11","0.12","0.03","0.01"
"EA.919d86ea3a","True","False","1.11","-2.14","0.38","-1.17","-0.93","-1.56","False","0.49","1.11","-0.06","0.21","0.04"
"EA.3f677991fc","False","False","1.10","1.71","0.35","1.42","0.95","3.13","True","1.10","-1.23","-0.05","-0.09","-0.06"
"SAM5cc2d9036053","True","False","1.10","-1.73","0.15","-0.59","-0.64","-0.17","False","1.06","1.10","-0.01","0.17","0.02"
"EA.0a32b10266","False","False","1.10","2.65","0.61","1.81","2.72","2.87","True","1.10","-0.36","-0.11","0.14","-0.07"
"EA.50b3403aca","False","False","1.10","1.73","0.86","1.59","0.36","3.28","True","1.10","-2.65","-0.10","-0.31","-0.00"
"EA632138","False","False","1.10","1.54","0.27","0.90","0.63","0.41","True","1.10","-0.71","-0.07","-0.05","0.00"
"EA.a9ac3f9ac3","False","False","1.10","-0.62","0.29","-0.99","-1.17","-1.95","False","-1.12","1.10","0.11","0.02","0.04"
"SRR5088826","False","False","1.09","-0.77","0.77","-0.87","-0.34","-0.81","False","-1.12","1.09","0.14","-0.01","0.02"
"SRR10899994","False","False","1.09","-0.28","0.55","-0.40","-1.15","-0.71","False","-1.16","1.09","0.13","-0.01","0.04"
"P66507_07F_Run1_S16_L002","False","False","1.08","2.59","0.64","1.83","1.13","2.58","True","1.08","-1.03","-0.07","-0.06","-0.04"
"EA.1466c03d14","True","False","1.08","-2.45","0.79","-1.41","-2.04","-1.96","False","-0.60","1.08","0.14","-0.02","0.04"
"EA.c565e3ec9c","False","False","1.08","0.64","0.33","0.92","1.91","1.90","True","1.08","-0.91","-0.14","0.01","0.01"
"EA.1f51c8269c","True","False","1.08","-1.35","0.35","-0.84","0.61","-1.56","False","-0.41","1.08","0.03","0.12","0.02"
"ERR2498008","False","False","1.08","0.45","0.60","0.79","0.13","1.42","True","1.08","-1.31","-0.07","-0.10","-0.04"
"ERR2208933","True","False","1.07","-1.50","0.86","-0.91","-1.09","-1.13","False","-1.12","1.07","0.13","-0.04","0.07"
"SAM698d8d76b934","False","False","1.07","0.97","0.81","0.21","-0.22","-0.81","False","-0.30","1.07","0.10","0.03","0.02"
"SAM54e58f1b0230","True","False","1.07","-2.59","0.21","-1.72","-2.24","-0.65","False","-1.53","1.07","0.14","-0.06","0.06"
"SRR10900595","False","False","1.07","-0.88","0.67","-0.66","-1.36","-0.19","False","-1.82","1.07","0.14","-0.02","0.03"
"SRR10900585","False","False","1.06","-0.02","0.24","0.12","-0.71","0.28","True","1.06","1.28","-0.02","0.24","0.00"
"EA.17f3272f69","False","False","1.06","1.36","0.75","0.94","0.63","1.00","True","1.06","0.10","0.03","0.01","-0.01"
"SAM675a12a09c15","True","False","1.06","-1.40","0.20","-0.83","-0.82","-0.34","False","0.14","1.06","-0.00","0.12","0.05"
"SAMe56c96c51190","False","False","1.06","1.31","0.28","0.98","2.21","1.89","True","1.06","-0.31","-0.04","0.10","-0.09"
"ERR2208940","True","False","1.05","-1.73","0.58","-1.11","-1.29","-1.84","False","-1.30","1.05","0.15","-0.03","0.02"
"EA.e9a7885a9a","False","False","1.04","-0.51","0.15","0.23","-1.13","1.06","True","1.04","0.62","-0.08","0.18","0.01"
"SAMdab9ca8fb5de","False","False","1.03","-0.43","0.26","-0.14","-1.10","0.77","False","-0.02","1.03","0.01","0.12","0.03"
"SRR2751521","False","False","1.03","-0.63","0.29","-0.36","0.12","-0.54","False","0.01","1.03","0.04","0.14","-0.02"
"EA.612fbdd990","False","False","1.03","2.89","0.82","1.94","2.76","3.59","True","1.03","-1.66","-0.10","-0.14","-0.03"
"SRR5088829","True","False","1.03","-1.69","0.85","-1.41","-2.01","-2.07","False","-1.51","1.03","0.13","0.02","0.00"
"gerald_H5NKVBBXX_5_TCCGGAGA.ATAGAGGC","False","False","1.03","-0.55","0.54","-0.35","0.77","-0.86","False","-1.76","1.03","0.13","-0.04","0.06"
"SAM99b1f6a9534e","True","False","1.03","-1.04","0.24","-0.79","-1.11","-0.55","False","-1.07","1.03","0.13","-0.00","0.02"
"SAM3e04eb914f3d","False","False","1.03","1.65","0.31","1.14","0.46","1.52","True","1.03","-0.43","-0.08","0.03","-0.01"
"EA.9badb6ade5","False","False","1.03","2.44","0.72","1.93","3.20","2.77","True","1.03","-1.35","-0.09","0.01","-0.11"
"SAM65afda25b920","False","False","1.03","-0.06","0.14","0.31","0.52","1.88","True","1.03","0.35","-0.10","0.23","-0.05"
"SRR5088891","False","False","1.03","1.23","0.56","1.10","1.83","1.93","True","1.03","-1.17","-0.01","-0.14","-0.04"
"EA.6f38296772","False","False","1.02","-0.72","0.14","-0.48","-0.90","-1.53","False","0.11","1.02","-0.10","0.26","0.02"
"SRR10900006","True","False","1.02","-1.77","0.23","-1.19","-1.28","-1.30","False","-1.15","1.02","0.11","-0.02","0.06"
"EA.a9abe3bbfc","False","False","1.02","1.09","0.34","1.01","0.59","2.60","True","1.02","-0.22","0.03","-0.06","-0.01"
"EA.35a661d667","True","False","1.01","-1.88","0.20","-0.75","-1.35","-1.33","False","-0.64","1.01","-0.01","0.20","-0.02"
"EA.2ddde72fd8","False","False","1.01","0.58","0.65","0.56","1.12","-0.89","False","0.22","1.01","0.11","0.09","-0.04"
"EA.5546f7b1d1","False","False","1.00","1.37","0.41","1.11","1.50","1.86","True","1.00","0.10","-0.08","0.13","-0.03"
"SAMb419a8fcbfcd","False","False","1.00","-0.95","0.43","-1.07","-0.11","-0.78","False","-1.24","1.00","0.11","-0.03","0.06"
"SAM0a7c2091dd56","False","False","1.00","0.07","0.45","-0.11","0.92","-0.59","False","-0.13","1.00","0.06","0.14","-0.04"
"SAMbda79f955628","False","False","1.00","2.38","0.19","1.61","0.35","3.57","True","1.00","-0.69","-0.05","0.01","-0.05"
"P66282_03A_Run1_S9_L001","False","False","1.00","-0.05","0.33","-0.04","0.60","-2.55","False","-0.14","1.00","0.04","0.11","0.02"
"SAMb15ad09d6e24","False","False","0.99","2.13","0.49","1.74","2.22","2.92","True","0.99","-1.03","-0.14","0.09","-0.09"
"EA.151ff9b042","False","False","0.99","1.85","0.19","1.06","0.19","0.50","True","0.99","-0.64","-0.09","0.07","-0.06"
"EA.43562af289","False","False","0.99","-1.10","0.87","-0.80","-1.74","-1.10","False","-0.57","0.99","0.10","0.01","0.03"
"SAM2eb07dedf07f","False","False","0.99","2.18","0.49","1.40","0.83","2.10","True","0.99","-1.15","-0.16","0.08","-0.08"
"SRR5088821","False","False","0.99","1.69","0.23","1.27","1.89","1.62","True","0.99","-0.44","-0.02","0.02","-0.07"
"SRR8281240","False","False","0.99","0.73","0.44","0.62","0.47","0.82","True","0.99","0.05","-0.07","0.10","-0.01"
"EA.8edc84c2f1","False","False","0.98","-0.31","0.77","0.13","0.81","-0.14","False","0.37","0.98","0.02","0.13","0.01"
"ERR2208969","False","False","0.98","0.81","0.45","0.29","2.11","0.19","False","-0.33","0.98","0.12","0.11","-0.08"
"SAM99a46b9eec27","False","False","0.98","0.31","0.34","0.53","0.59","1.19","True","0.98","-0.54","-0.09","0.06","-0.04"
"SRR5088883","False","False","0.98","0.81","0.60","0.62","0.30","1.20","True","0.98","-1.71","-0.04","-0.19","-0.05"
"EA.261dfab612","False","False","0.98","0.19","0.58","-0.30","2.32","-1.31","False","-1.57","0.98","0.11","0.01","0.03"
"G109543_RCCBMS_00147_T_v1_RNA_OnPrem","False","False","0.97","0.44","0.45","0.73","0.72","1.83","True","0.97","-0.75","-0.03","-0.09","-0.01"
"P66507_09C_Run1_S26_L002","False","False","0.97","0.74","0.53","0.81","0.90","0.66","True","0.97","-0.89","-0.06","-0.05","-0.02"
"EA.4aeb35f202","False","False","0.97","0.12","0.24","0.23","-0.06","0.58","True","0.97","1.12","-0.07","0.26","0.00"
"SRR10899990","False","False","0.97","-0.20","0.46","-0.03","-0.60","-0.08","False","0.70","0.97","0.02","0.10","0.04"
"EA.babf753f2e","False","False","0.97","-0.57","0.13","-0.69","-1.93","-0.95","False","0.56","0.97","-0.04","0.21","-0.01"
"EA.c6ae1d4ac9","False","False","0.97","1.17","0.36","0.49","0.75","0.56","True","0.97","0.25","-0.01","0.07","-0.02"
"EA.b8c203a7d5","False","False","0.96","-0.41","0.38","-1.03","-1.27","-1.37","False","-0.81","0.96","0.14","0.02","-0.01"
"EA.259f489417","False","False","0.96","0.39","0.75","-0.21","-0.79","-0.69","False","-0.71","0.96","0.06","0.08","-0.00"
"SAM3a1c9632ff7b","False","False","0.96","-1.36","0.18","-0.96","-1.96","-1.33","False","-0.22","0.96","0.08","0.02","0.04"
"EA.6ae15cb0ec","False","False","0.96","-1.74","0.48","-1.05","-1.11","-1.72","False","-0.34","0.96","0.06","0.11","-0.02"
"SAM943df5cf15df","False","False","0.95","-0.54","0.44","-0.51","0.03","-1.72","False","-0.38","0.95","0.04","0.17","-0.05"
"SAM29da928587ad","False","False","0.95","-0.71","0.15","-0.25","0.16","-0.64","False","0.67","0.95","0.09","0.07","-0.01"
"SRR10900010","False","False","0.95","-1.70","0.54","-0.81","-1.01","-1.48","False","0.19","0.95","-0.05","0.16","0.05"
"SRR8281234","False","False","0.95","1.47","0.53","1.06","-0.01","1.59","True","0.95","-2.13","-0.19","-0.06","-0.07"
"SRR5088887","False","False","0.95","-1.03","0.14","-0.96","-1.01","-1.77","False","-2.04","0.95","0.10","-0.02","0.06"
"EA.98c2ccc42c","False","False","0.94","1.18","0.39","1.00","2.32","1.97","True","0.94","-0.22","-0.03","0.03","-0.03"
"SRR10900002","False","False","0.93","1.34","0.65","0.87","0.60","0.30","True","0.93","-0.31","-0.02","-0.02","-0.02"
"EA.c6c26eef88","False","False","0.93","-0.49","0.51","0.00","-0.94","-0.00","False","0.58","0.93","-0.03","0.16","0.03"
"SAMe7bcab05402e","False","False","0.93","-1.36","0.17","-0.35","-1.54","-1.19","False","0.67","0.93","-0.10","0.25","0.01"
"SAM1ab1b28d9f2b","False","False","0.93","-1.15","0.66","-0.78","-0.90","-0.69","False","-1.17","0.93","0.08","0.00","0.05"
"ERR2208934","False","False","0.93","-1.71","0.17","-1.14","-0.99","-1.90","False","-0.40","0.93","0.13","-0.04","0.04"
"SAM4581bac493af","False","False","0.93","1.85","0.66","1.29","0.90","1.46","True","0.93","-1.71","-0.09","-0.14","-0.02"
"SRR10842360","False","False","0.93","-0.65","0.19","-0.74","-0.06","-1.27","False","-0.62","0.93","0.06","0.04","0.04"
"SAM85e41e7f33f9","False","False","0.92","0.97","0.47","0.45","0.40","0.09","False","-0.29","0.92","0.09","0.14","-0.08"
"SAMb963dda93cfd","False","False","0.92","-0.12","0.36","0.13","2.82","0.92","False","-0.57","0.92","0.09","0.08","-0.04"
"SRR10900561","False","False","0.92","0.43","0.49","0.23","-0.72","-0.12","False","-0.62","0.92","0.14","-0.04","0.03"
"SAM3894ac3956a5","False","False","0.92","-0.42","0.34","-0.21","-0.68","0.03","False","0.14","0.92","-0.03","0.14","0.04"
"SAM14df63a65411","False","False","0.92","0.17","0.51","-0.24","-0.66","-0.77","False","-0.91","0.92","0.09","0.03","0.02"
"SRR3184282","False","False","0.92","-2.36","0.57","-1.30","-1.25","-2.06","False","-1.56","0.92","0.12","-0.04","0.05"
"SRR10842364","False","False","0.91","0.99","0.55","0.72","0.06","1.07","True","0.91","-0.35","-0.03","-0.01","-0.01"
"SRR10900569","False","False","0.91","-0.40","0.42","-0.35","-0.23","-0.84","False","-1.56","0.91","0.10","0.04","0.00"
"SAM6157c8f38b72","False","False","0.91","0.43","0.37","0.32","-0.25","0.22","False","0.87","0.91","-0.03","0.17","0.02"
"EA.0f0fda909f","False","False","0.91","-3.71","0.42","-1.89","-2.24","-1.57","False","-0.89","0.91","0.14","-0.05","0.04"
"RCC_73_T_SCR","False","False","0.90","-2.04","0.64","-1.26","-2.00","-3.05","False","-0.23","0.90","0.05","0.05","0.05"
"ERR3262564","False","False","0.90","1.31","0.80","1.09","-0.14","1.24","True","0.90","-0.68","-0.13","0.03","0.00"
"EA.8e7914333a","False","False","0.90","-2.02","0.56","-1.05","0.33","-1.76","False","-0.03","0.90","0.07","0.07","0.01"
"ERR2208946","False","False","0.89","-1.84","0.12","-1.24","-1.24","-1.50","False","-0.65","0.89","0.11","-0.06","0.08"
"SAM85f0a3ac1c45","False","False","0.89","-2.44","0.71","-1.32","-0.85","-1.84","False","-1.19","0.89","0.13","-0.07","0.06"
"EA.e229f7cfac","False","False","0.89","0.02","0.50","-0.29","-0.41","0.27","False","-1.27","0.89","-0.01","0.13","0.00"
"ERR2208918","False","False","0.89","1.13","0.34","1.04","1.58","1.87","True","0.89","0.65","-0.04","0.21","-0.05"
"P66507_11G_Run1_S11_L001","False","False","0.89","0.98","0.54","0.73","0.26","1.10","True","0.89","-0.84","-0.07","-0.07","-0.00"
"EA.f099a40ea6","False","False","0.89","1.11","0.38","1.23","2.15","1.18","True","0.89","-1.96","-0.19","-0.01","-0.10"
"SAMa535fcdf18a0","False","False","0.89","-0.82","0.45","-0.85","-1.50","-0.60","False","-1.30","0.89","0.08","0.03","0.03"
"EA.437edb53d1","False","False","0.89","-0.58","0.74","-0.33","4.29","-0.43","False","-1.35","0.89","0.12","-0.05","0.05"
"SAMfddc359e862b","False","False","0.89","0.56","0.54","0.45","0.05","0.33","True","0.89","0.11","-0.06","0.03","0.05"
"ERR2208909","False","False","0.88","-0.13","0.67","-0.25","-0.37","-1.18","False","-0.97","0.88","0.09","0.03","0.01"
"EA.848c2ef6fc","False","False","0.88","1.25","0.14","0.74","-0.38","1.06","True","0.88","-0.15","-0.07","0.05","0.01"
"SAMffa5c7cad0e5","False","False","0.88","-0.11","0.25","-0.02","-0.25","-0.48","False","0.70","0.88","-0.09","0.29","-0.04"
"SRR8281242","False","False","0.88","-0.68","0.52","-0.58","-0.85","-0.82","False","-0.79","0.88","0.10","-0.01","0.04"
"ERR2498007","False","False","0.88","-0.60","0.04","-0.21","0.60","-0.84","False","0.51","0.88","0.04","0.19","-0.08"
"SRR10900548","False","False","0.88","0.94","0.35","0.81","0.33","1.32","True","0.88","-0.29","-0.02","0.03","-0.05"
"SAM8a1b0e02ee42","False","False","0.87","-0.82","0.17","-1.08","-1.69","-0.67","False","-1.47","0.87","0.13","-0.08","0.07"
"gerald_H5NKVBBXX_7_ATTCAGAA.TATAGCCT","False","False","0.87","-0.19","0.75","0.25","0.84","-0.49","False","-0.04","0.87","-0.01","0.21","-0.05"
"EA.55b284724b","False","False","0.87","1.98","0.50","1.56","1.68","2.62","True","0.87","-3.09","-0.27","-0.15","-0.05"
"EA.065eaa2a79","False","False","0.87","-2.33","0.29","-1.64","-1.16","-2.46","False","-0.48","0.87","0.03","0.05","0.07"
"EA.b30e7df347","False","False","0.87","-0.60","0.51","-0.37","-1.28","-0.84","False","-0.53","0.87","0.09","0.07","-0.01"
"P66282_10F_Run1_S13_L002","False","False","0.86","-1.06","0.49","0.09","0.62","-0.39","False","-0.20","0.86","0.02","0.12","0.01"
"EA.c10225043d","False","False","0.86","2.74","0.66","1.83","1.75","2.58","True","0.86","-1.66","-0.24","0.08","-0.08"
"EA.b801b7182b","False","False","0.86","-0.63","0.14","-0.20","-1.06","0.09","False","-0.08","0.86","0.05","0.09","-0.01"
"ERR2208894","False","False","0.86","-0.80","0.65","-0.90","-1.43","-1.15","False","-1.32","0.86","0.11","-0.03","0.04"
"SAMb2f1d0e54ece","False","False","0.86","0.74","0.29","0.58","1.88","1.73","True","0.86","0.80","-0.02","0.22","-0.06"
"EA595647","False","False","0.85","0.69","0.20","0.70","-0.31","2.74","True","0.85","-0.18","0.00","-0.00","-0.02"
"ERR2208915","False","False","0.85","3.25","0.77","1.90","2.40","2.13","True","0.85","-2.41","-0.13","-0.10","-0.13"
"SAM7b40007f4aa4","False","False","0.85","-1.76","0.30","-1.30","-1.71","1.04","False","-0.98","0.85","0.16","-0.09","0.05"
"EA.f07cfba7fb","False","False","0.85","-0.07","0.31","-0.27","-0.35","-0.96","False","0.76","0.85","0.01","0.21","-0.07"
"SAMc919aebc7fdd","False","False","0.85","1.73","0.27","0.94","0.50","0.85","True","0.85","-1.17","-0.11","-0.01","-0.05"
"SRR3184284","False","False","0.85","-0.99","0.39","-1.03","-1.22","-1.06","False","-1.01","0.85","0.09","-0.00","0.04"
"SAM5fc9ae0aed1f","False","False","0.85","1.47","0.41","1.23","1.91","1.11","True","0.85","0.36","0.06","0.05","-0.05"
"EA.68a1925dbb","False","False","0.85","0.85","0.26","0.27","-0.16","-0.17","False","-0.22","0.85","0.06","0.11","-0.03"
"SRR10842358","False","False","0.85","-2.73","0.09","-1.58","-1.98","-1.47","False","-0.36","0.85","0.09","-0.00","0.03"
"SRR10842352","False","False","0.84","-0.10","0.44","-0.12","-0.29","-0.10","False","-0.75","0.84","0.13","-0.05","0.05"
"ERR2208900","False","False","0.84","1.54","0.41","0.96","2.32","1.60","True","0.84","-0.54","-0.01","-0.02","-0.05"
"EA.3bc5a228e1","False","False","0.84","0.39","0.66","0.24","-0.62","0.54","False","-0.80","0.84","0.12","-0.03","0.03"
"EA.994bf5a93d","False","False","0.84","1.48","0.40","0.65","0.03","0.69","True","0.84","-0.36","-0.06","0.06","-0.05"
"EA.944568e13b","False","False","0.84","-0.60","0.36","-0.08","-0.28","0.71","True","0.84","-0.60","-0.08","-0.01","0.01"
"EA.5e8081333e","False","False","0.84","-0.59","0.28","-0.76","-1.62","1.03","False","-0.62","0.84","0.09","-0.05","0.07"
"SRR10900563","False","False","0.84","-1.65","0.55","-1.40","-1.72","-0.57","False","-1.76","0.84","0.09","-0.05","0.08"
"RCC_117_T_SCR","False","False","0.84","1.40","0.62","1.02","-0.08","1.78","True","0.84","-0.95","-0.06","-0.11","0.00"
"EA.465e0159e5","False","False","0.83","2.01","0.56","1.31","1.94","1.96","True","0.83","-0.14","-0.06","0.09","-0.03"
"EA.64f823babd","False","False","0.83","-1.31","0.61","-0.96","-1.71","-1.71","False","-0.81","0.83","0.13","-0.02","0.00"
"SAMce39dd79b441","False","False","0.83","0.26","0.52","-0.26","0.55","-0.28","False","-0.87","0.83","0.16","-0.02","-0.03"
"EA.2f4c72da22","False","False","0.83","-1.01","0.58","-0.33","0.72","-1.29","False","-0.02","0.83","0.06","0.05","0.02"
"EA647826","False","False","0.83","-2.06","0.54","-1.37","2.12","-1.01","False","-0.43","0.83","0.08","0.05","-0.00"
"SAMd43f8933066b","False","False","0.83","1.77","0.21","1.07","0.30","2.34","True","0.83","-0.49","-0.08","0.07","-0.05"
"EA.05ef70125f","False","False","0.82","-2.48","0.26","-2.18","-1.99","-1.61","False","-1.03","0.82","0.12","-0.07","0.07"
"SAMe3d4266775a9","False","False","0.82","-0.85","0.28","-0.31","-0.22","-0.54","False","0.07","0.82","0.06","0.02","0.05"
"SAM0684af734db1","False","False","0.82","-1.21","0.78","-1.16","-0.81","-1.72","False","-1.19","0.82","0.11","-0.04","0.04"
"ERR2498031","False","False","0.82","1.76","0.97","1.07","0.66","1.12","True","0.82","0.39","-0.03","0.15","-0.06"
"EA.1ef488918d","False","False","0.82","-0.45","0.76","0.53","0.54","0.86","True","0.82","-0.59","-0.15","0.05","0.02"
"SRR3184304","False","False","0.82","0.18","0.24","-0.13","0.16","0.25","False","-1.17","0.82","0.13","-0.05","0.03"
"SRR10900009","False","False","0.82","0.36","0.76","1.03","0.78","2.09","True","0.82","-0.39","-0.02","-0.03","-0.01"
"SRR5088900","False","False","0.82","-0.62","0.32","-0.48","-1.20","-0.99","False","0.36","0.82","0.05","0.04","0.03"
"SAMd3bd67996035","False","False","0.82","1.29","0.17","0.93","1.05","1.21","True","0.82","-1.70","-0.10","-0.18","0.00"
"SAM7114d99032ec","False","False","0.82","-1.29","0.32","-1.02","-1.82","-1.47","False","-0.13","0.82","0.02","0.08","0.03"
"EA.002d8e81a8","False","False","0.82","-1.68","0.84","-1.12","1.32","-1.83","False","-0.94","0.82","0.12","-0.04","0.03"
"ERR2208967","False","False","0.81","-0.19","0.48","-0.11","-0.28","-0.27","False","-0.81","0.81","0.06","0.05","0.02"
"EA.fa60d37e59","False","False","0.81","0.80","0.54","0.42","-0.43","0.28","True","0.81","-0.45","-0.13","0.12","-0.04"
"SAMf82bbdc267c8","False","False","0.81","-2.61","0.36","-1.69","-2.02","-1.35","False","-0.93","0.81","0.11","-0.06","0.06"
"EA.4857708733","False","False","0.81","-1.25","0.13","-1.24","-2.45","-0.98","False","-1.52","0.81","0.12","-0.05","0.04"
"EA.d4969df236","False","False","0.81","-2.04","0.82","-1.43","-0.19","-1.49","False","-1.29","0.81","0.06","0.06","-0.00"
"ERR2498026","False","False","0.81","-1.72","0.06","-1.00","-1.36","-0.57","False","-0.02","0.81","0.02","0.04","0.07"
"EA.5d887e1041","False","False","0.81","-1.02","0.33","-0.51","-1.30","-0.36","False","-0.22","0.81","0.05","0.02","0.06"
"EA.bb3c31eb10","False","False","0.80","-1.91","0.08","-0.44","-1.38","0.51","False","0.91","0.80","0.02","0.13","-0.02"
"SAM0a0f2bac4b20","False","False","0.80","0.62","0.33","-0.05","0.31","-0.53","False","-1.40","0.80","0.07","0.11","-0.06"
"EA.b987a23aa4","False","False","0.79","-0.66","0.70","0.08","3.38","0.91","False","0.57","0.79","-0.04","0.11","0.06"
"EA.801afc2861","False","False","0.79","0.81","0.45","0.44","0.21","0.21","True","0.79","0.25","0.01","0.03","0.00"
"SAM978a587b207e","False","False","0.79","0.57","0.48","0.43","1.21","0.68","False","0.10","0.79","0.00","0.10","0.01"
"SAM36a9225b0222","False","False","0.78","2.05","0.51","1.65","2.62","1.56","True","0.78","0.39","-0.06","0.19","-0.06"
"SRR10899980","False","False","0.78","-1.96","0.50","-1.42","-1.00","-1.29","False","-1.65","0.78","0.10","0.01","-0.00"
"SAM19fec8f3b3bd","False","False","0.78","-0.96","0.42","-0.34","1.20","-0.17","False","-0.23","0.78","0.02","0.10","-0.00"
"EA.bcd18e11ff","False","False","0.78","-1.72","0.44","-0.76","-1.03","-1.24","False","-0.49","0.78","0.03","0.08","0.02"
"EA.a13d5890c9","False","False","0.78","0.92","0.28","0.73","2.24","-1.12","False","0.42","0.78","-0.03","0.16","-0.00"
"EA.0c979151be","False","False","0.78","1.96","0.35","0.98","3.34","-0.41","False","0.02","0.78","0.05","0.17","-0.09"
"EA.41dfa9e10e","False","False","0.77","0.28","0.40","0.07","0.46","-1.00","False","-0.83","0.77","0.04","0.08","0.00"
"SRR10900020","False","False","0.77","0.43","0.55","-0.20","-0.24","-0.91","False","-1.35","0.77","0.14","-0.01","-0.02"
"SRR10900018","False","False","0.77","-1.71","0.40","-1.27","-1.98","-0.94","False","-1.27","0.77","0.02","0.07","0.02"
"EA639152","False","False","0.77","1.73","0.32","1.48","-0.03","2.08","True","0.77","0.02","-0.01","0.02","-0.00"
"EA.1231fc077b","False","False","0.77","-0.41","0.35","0.17","-0.30","0.82","True","0.77","-0.74","-0.07","0.03","-0.05"
"ERR2208926","False","False","0.77","-1.34","0.46","-1.12","-1.69","-1.10","False","-2.08","0.77","0.14","-0.10","0.06"
"ERR2497999","False","False","0.77","0.58","0.38","0.41","0.85","1.02","True","0.77","-0.68","-0.10","0.12","-0.11"
"SAMeaa477a5384b","False","False","0.76","2.18","0.86","1.53","1.20","1.85","True","0.76","-1.74","-0.05","-0.19","-0.03"
"SRR10899988","False","False","0.76","0.15","0.55","-0.10","-0.16","-0.28","False","-0.61","0.76","0.01","0.09","0.02"
"G138701_RCCBMS_00049_T_v1_RNA_OnPrem","False","False","0.76","0.28","0.46","0.27","0.25","1.59","True","0.76","-0.58","-0.05","-0.01","-0.02"
"SAMc692536a795a","False","False","0.76","1.51","0.37","0.67","0.04","0.16","True","0.76","0.69","-0.06","0.17","0.01"
"SRR5088849","False","False","0.76","0.27","0.47","-0.05","-0.57","-0.34","False","-1.06","0.76","0.13","-0.04","0.01"
"ERR2208922","False","False","0.76","-0.54","0.14","-0.66","-0.88","-0.54","False","-1.19","0.76","0.04","0.04","0.03"
"SAM1c0ecfb3eb63","False","False","0.76","1.83","0.44","0.97","1.20","-0.03","False","0.81","0.76","0.01","0.19","-0.07"
"SRR10900594","False","False","0.76","-0.96","0.32","-0.82","-0.67","-1.05","False","-1.44","0.76","0.05","0.04","0.02"
"EA.7dd048a542","False","False","0.76","-2.67","0.32","-0.76","0.29","-1.19","False","0.73","0.76","0.08","0.01","0.03"
"SRR10900551","False","False","0.75","-1.80","0.36","-1.27","-1.47","-1.37","False","-0.72","0.75","0.14","-0.07","0.03"
"SRR2753064","False","False","0.75","-0.46","0.53","-0.16","-0.96","-0.26","False","-0.36","0.75","0.06","0.04","0.02"
"SRR8281249","False","False","0.75","-0.18","0.09","-0.39","-1.53","-0.78","False","-0.36","0.75","0.07","-0.02","0.05"
"EA.fcc26b4302","False","False","0.74","-0.02","0.42","0.30","3.49","-0.19","False","-0.29","0.74","0.05","0.09","-0.02"
"EA.4ebd09823c","False","False","0.74","-1.13","0.51","-0.51","-0.69","-0.50","False","-0.28","0.74","0.08","0.02","0.02"
"SRR5088867","False","False","0.74","2.12","0.51","1.50","2.23","1.93","True","0.74","-0.47","0.03","-0.03","-0.08"
"EA.90635f2a8f","False","False","0.73","-1.61","0.21","-1.42","-1.79","-1.43","False","-0.91","0.73","0.09","-0.01","0.03"
"G138701_RCCBMS_00028_T_v1_RNA_OnPrem","False","False","0.73","0.69","0.61","0.60","3.16","1.42","False","-0.09","0.73","0.08","0.04","-0.00"
"P66287_11E_Run1_S24_L002","False","False","0.73","0.32","0.30","-0.19","-5.72","-0.07","False","0.02","0.73","0.03","0.07","0.02"
"SRR2712420","False","False","0.73","3.26","0.80","2.08","3.26","3.71","True","0.73","-1.85","-0.04","-0.15","-0.10"
"SAMc6eff056c89a","False","False","0.73","-0.42","0.89","0.02","-0.48","0.21","True","0.73","-0.82","-0.08","-0.06","0.01"
"SRR8281226","False","False","0.73","-0.26","0.95","-0.27","-0.03","-1.27","False","-1.24","0.73","0.07","0.02","0.00"
"EA.ebd75f25fd","False","False","0.73","-1.30","0.30","-0.63","-0.22","-1.50","False","0.05","0.73","-0.04","0.10","0.05"
"EA.bfdcd2da05","False","False","0.72","0.36","0.36","0.82","0.05","2.06","True","0.72","-1.88","-0.15","-0.20","0.05"
"SAM7d7c54623618","False","False","0.72","-0.78","0.27","-0.91","-1.51","-0.99","False","-0.58","0.72","0.11","-0.06","0.05"
"gerald_H5NKVBBXX_6_TCCGCGAA.ATAGAGGC","False","False","0.72","-0.36","0.29","-0.05","0.07","-0.34","False","0.20","0.72","-0.01","0.21","-0.07"
"ERR2208956","False","False","0.72","0.89","0.51","0.71","0.02","1.34","True","0.72","-1.35","-0.14","0.00","-0.06"
"SRR10900596","False","False","0.72","1.23","0.43","0.78","0.86","1.15","True","0.72","-1.44","-0.04","-0.19","-0.00"
"EA.3c4c8f8be9","False","False","0.72","0.53","0.83","0.71","1.25","0.76","True","0.72","-0.67","-0.03","-0.07","-0.02"
"EA639114","False","False","0.72","1.35","0.59","0.81","0.77","2.15","True","0.72","-0.96","-0.07","-0.09","-0.01"
"SRR10842371","False","False","0.72","-0.01","0.81","-0.24","-0.05","-0.28","False","-1.31","0.72","0.06","0.03","0.01"
"RCC_50_T_SCR","False","False","0.72","1.75","0.54","1.40","0.37","2.18","True","0.72","-0.19","-0.01","-0.03","0.00"
"ERR2208958","False","False","0.72","0.11","0.50","-0.27","0.36","-0.68","False","-0.84","0.72","0.08","0.03","-0.01"
"P66291_10E_Run1_S19_L002","False","False","0.72","0.08","0.49","-0.16","0.47","-1.77","False","-0.65","0.72","0.02","0.11","-0.01"
"SAMcabb6d58ff55","False","False","0.72","1.20","0.55","0.96","3.72","0.54","True","0.72","0.17","0.04","0.02","-0.03"
"SAM9fb814c22bdb","False","False","0.71","1.23","0.37","0.86","0.39","0.54","True","0.71","-0.03","-0.12","0.21","-0.08"
"EA.a298cf43d8","False","False","0.71","1.90","0.41","1.28","-0.03","1.85","True","0.71","-0.54","-0.08","0.02","-0.02"
"ERR2498006","False","False","0.71","-0.08","0.01","-0.32","0.19","0.31","False","0.12","0.71","0.06","0.05","-0.01"
"EA.e91a7d6148","False","False","0.71","1.02","0.81","0.70","1.97","0.53","False","-0.33","0.71","0.02","0.09","0.00"
"SRR5088911","False","False","0.70","-0.64","0.81","-0.87","-1.28","-0.84","False","-1.20","0.70","0.16","-0.14","0.06"
"P66451_08A_Run1_S21_L002","False","False","0.70","0.19","0.07","0.53","-0.88","0.43","False","0.50","0.70","0.01","0.09","0.02"
"SRR10899979","False","False","0.70","0.57","0.25","-0.12","-0.64","-0.43","False","-0.70","0.70","0.13","-0.03","-0.00"
"SAMdb3f50c9129c","False","False","0.70","-1.58","0.66","-0.71","-1.21","-0.66","False","-0.65","0.70","0.03","0.03","0.05"
"SAM7893196e0e89","False","False","0.70","-0.68","0.47","-0.59","-0.32","-1.20","False","-1.04","0.70","0.07","0.02","0.01"
"SAMad83c9c53537","False","False","0.70","-0.30","0.16","-0.33","-0.51","-1.36","False","0.76","0.70","0.04","0.11","-0.03"
"SRR8281247","False","False","0.70","0.55","0.62","0.30","4.57","-0.93","False","-0.58","0.70","0.08","0.09","-0.07"
"SAMaabf4afe4213","False","False","0.70","-0.28","0.28","-0.39","-1.20","0.00","False","-0.35","0.70","0.06","-0.03","0.06"
"SAM7746b76437e6","False","False","0.69","-2.69","0.34","-1.74","-2.30","-1.81","False","-1.28","0.69","0.09","-0.06","0.07"
"RCC_14_T_SCR","False","False","0.68","1.25","0.53","0.85","0.29","1.12","True","0.68","-1.31","-0.08","-0.11","-0.03"
"SRR10899974","False","False","0.68","-0.47","0.24","-0.37","-1.20","-0.21","False","0.02","0.68","0.07","-0.02","0.05"
"SRR5088890","False","False","0.68","-2.12","0.44","-1.34","0.52","-2.02","False","-1.63","0.68","0.03","0.02","0.05"
"ERR2208929","False","False","0.68","-0.73","0.61","-0.53","-0.97","-1.16","False","-1.36","0.68","0.06","-0.02","0.05"
"SRR5088836","False","False","0.67","0.28","0.47","0.13","0.81","-0.75","False","0.34","0.67","-0.01","0.19","-0.05"
"SRR5088843","False","False","0.67","-1.19","0.15","-0.41","-1.26","0.10","False","0.30","0.67","0.03","0.04","0.03"
"SRR3184289","False","False","0.67","1.37","0.60","1.05","0.42","1.45","True","0.67","0.36","-0.04","0.17","-0.07"
"G109543_RCCBMS_00145_T_v1_RNA_OnPrem","False","False","0.67","0.31","0.62","0.65","0.43","1.32","True","0.67","-0.57","-0.03","-0.07","0.00"
"EA.9f63e163d6","False","False","0.66","-0.78","0.39","-0.01","0.55","-0.09","False","0.44","0.66","-0.02","0.15","-0.01"
"SRR2777217","False","False","0.66","-0.42","0.19","-0.21","-0.56","-1.04","False","0.53","0.66","0.04","0.08","-0.00"
"SRR5088857","False","False","0.66","1.67","0.46","0.81","0.67","0.77","False","0.29","0.66","0.05","0.09","-0.04"
"EA.ae056416f4","False","False","0.66","-1.00","0.51","-0.38","0.16","-1.43","False","0.27","0.66","0.07","0.04","-0.02"
"EA.a4bacddcb5","False","False","0.66","1.72","0.60","0.80","0.99","0.32","False","0.05","0.66","0.05","0.06","-0.01"
"P66282_10B_Run1_S11_L001","False","False","0.66","-3.25","0.45","-1.99","-2.15","-1.83","False","-0.91","0.66","0.01","0.06","0.04"
"SAM1ac4e3dee297","False","False","0.66","-2.51","0.50","-1.56","-2.19","-1.74","False","-1.17","0.66","0.10","-0.09","0.07"
"SAMa9ca8536d2b1","False","False","0.66","-0.01","0.43","0.39","0.55","1.06","True","0.66","0.21","-0.08","0.17","-0.03"
"SAM0f956e757453","False","False","0.66","-0.62","0.21","-0.14","-0.91","-0.24","False","0.62","0.66","-0.06","0.16","0.01"
"P66507_10B_Run1_S2_L001","False","False","0.66","-0.38","0.33","0.12","0.50","0.86","True","0.66","-0.42","-0.04","-0.01","-0.01"
"SRR3184302","False","False","0.65","-1.10","0.06","-0.59","-0.60","-0.83","False","1.12","0.65","0.06","0.07","-0.03"
"SRR10900590","False","False","0.65","-0.45","0.58","-0.19","-0.18","-0.10","False","-1.20","0.65","0.03","0.02","0.04"
"SAM6ff654a20f98","False","False","0.65","-0.42","0.15","0.18","-0.38","0.23","False","1.15","0.65","-0.05","0.11","0.04"
"SAM07a93a28f801","False","False","0.65","-0.78","0.07","-0.60","0.69","-0.73","False","-0.10","0.65","0.05","0.03","0.02"
"SRR10900549","False","False","0.65","0.24","0.39","0.06","-0.86","-0.49","False","0.03","0.65","0.04","0.08","-0.02"
"SAM18b9351e265a","False","False","0.65","1.70","0.97","1.25","0.87","0.65","True","0.65","-0.51","-0.04","-0.03","-0.00"
"SRR5088898","False","False","0.65","-1.63","0.25","-0.63","-0.87","-1.62","False","1.11","0.65","-0.17","0.27","0.03"
"SRR3184294","False","False","0.64","3.28","0.86","2.32","1.86","3.99","True","0.64","-2.68","-0.20","-0.13","-0.08"
"EA.a96e1c1a12","False","False","0.64","-0.53","0.47","-1.00","-0.65","-1.86","False","-1.06","0.64","0.08","-0.04","0.05"
"SAM47fc46c3d6be","False","False","0.64","1.87","0.62","1.36","1.75","1.77","True","0.64","-1.30","-0.10","0.00","-0.09"
"ERR2208948","False","False","0.64","-2.35","0.59","-1.46","-1.34","-2.02","False","-1.31","0.64","0.09","-0.04","0.04"
"SAMb8f13a0525a6","False","False","0.64","0.55","0.21","0.12","-0.54","5.93","False","-0.09","0.64","0.08","0.01","0.00"
"ERR2498009","False","False","0.64","-2.07","0.18","-1.60","-1.59","-2.68","False","-0.92","0.64","0.08","-0.05","0.06"
"SAMd135d5867fe3","False","False","0.64","0.42","0.51","0.81","2.54","-0.55","False","-0.37","0.64","0.02","0.11","-0.03"
"SRR10900567","False","False","0.63","-0.22","0.50","-0.35","-1.11","-0.09","False","-0.15","0.63","0.07","-0.00","0.02"
"EA.a862ca56ac","False","False","0.63","-1.56","0.72","-0.89","-0.64","-0.98","False","-0.48","0.63","0.04","0.01","0.05"
"EA.44ccd5ac82","False","False","0.63","2.76","0.61","1.99","4.19","1.14","True","0.63","0.17","0.02","0.08","-0.08"
"EA.5484dc8714","False","False","0.63","-0.59","0.30","0.22","-0.11","0.21","True","0.63","-1.05","-0.22","0.06","0.01"
"P66451_06G_Run1_S14_L001","False","False","0.63","-1.19","0.53","-0.44","0.55","-0.44","False","0.06","0.63","-0.00","0.09","0.03"
"SRR2771207","False","False","0.63","-0.72","0.16","-0.27","0.22","-0.09","False","0.98","0.63","0.04","0.03","0.03"
"ERR2498000","False","False","0.62","-1.07","0.26","-0.30","-0.74","-0.54","False","-0.80","0.62","0.11","-0.02","-0.01"
"EA.6a7c0bf8fe","False","False","0.62","-1.03","0.82","-1.29","-0.99","-1.53","False","-1.74","0.62","0.17","-0.10","-0.00"
"EA.c90c72d336","False","False","0.60","-1.57","0.70","-0.84","-1.89","2.22","False","-0.06","0.60","0.11","-0.08","0.05"
"SRR10900558","False","False","0.60","-0.77","0.47","-0.60","-0.82","-0.79","False","-0.75","0.60","0.02","0.01","0.06"
"SRR10900570","False","False","0.60","-2.40","0.59","-1.63","-0.03","-1.79","False","-1.91","0.60","0.15","-0.12","0.04"
"SRR10900021","False","False","0.60","-1.15","0.62","-0.80","-0.24","-1.16","False","-1.34","0.60","0.10","-0.05","0.03"
"P66287_01D_Run1_S1_L001","False","False","0.60","1.27","0.56","0.72","0.52","0.78","True","0.60","-0.51","-0.04","-0.04","-0.00"
"EA.804b504518","False","False","0.60","-0.76","0.59","-0.48","-1.15","-0.53","False","-0.11","0.60","0.08","-0.03","0.03"
"SAM670649e105b5","False","False","0.59","0.67","0.54","0.25","-0.01","-0.37","False","0.40","0.59","0.04","0.11","-0.05"
"SAM28687037e4ff","False","False","0.59","3.03","0.60","1.63","1.67","1.31","True","0.59","0.60","0.04","0.16","-0.10"
"P66291_07E_Run1_S3_L001","False","False","0.59","1.21","0.39","0.72","-2.74","1.16","True","0.59","-0.30","-0.02","-0.02","-0.01"
"SAM52500cabdd36","False","False","0.59","-0.77","0.61","-0.71","-0.95","-0.24","False","-1.06","0.59","0.07","-0.08","0.08"
"SRR5088856","False","False","0.58","-1.12","0.74","-0.77","-0.47","-1.08","False","-1.20","0.58","0.13","-0.12","0.06"
"SAM49f9b2e57aa5","False","False","0.58","-1.49","0.44","-0.77","-1.60","-1.46","False","-0.55","0.58","0.12","-0.11","0.06"
"SRR2775133","False","False","0.58","-0.46","0.50","-0.27","-0.52","-0.47","False","-0.18","0.58","0.05","0.02","0.02"
"ERR2208968","False","False","0.58","-0.87","0.55","-0.96","-0.95","-1.36","False","-1.19","0.58","0.05","0.00","0.03"
"SRR2675767","False","False","0.58","0.56","0.73","-0.04","0.07","-0.07","False","-0.96","0.58","0.04","0.05","0.01"
"EA.bc35070dc0","False","False","0.58","-0.70","0.18","-1.45","-2.81","-1.93","False","-1.63","0.58","0.12","-0.08","0.04"
"SAMaf42c1541269","False","False","0.58","2.20","0.38","1.45","1.54","2.69","True","0.58","-0.69","-0.06","0.02","-0.05"
"EA.721acbd5e7","False","False","0.57","-2.41","0.70","-0.99","-1.67","-0.35","False","0.11","0.57","-0.05","0.09","0.07"
"EA.ca8a095c09","False","False","0.57","-0.08","0.62","0.04","2.40","0.07","False","0.05","0.57","0.03","0.08","-0.02"
"SAMd4c0837b0997","False","False","0.57","0.53","0.62","-0.23","-1.35","-0.07","False","-1.12","0.57","0.11","-0.02","-0.01"
"SRR10900591","False","False","0.57","2.03","0.63","1.20","2.38","1.28","True","0.57","-1.60","-0.17","0.05","-0.12"
"SAMe41b1e773582","False","False","0.57","0.45","0.86","-0.01","-1.07","0.40","False","-0.35","0.57","0.10","-0.00","-0.02"
"P66432_02G_Run1_S26_L002","False","False","0.57","1.44","0.66","0.89","0.55","1.45","True","0.57","-0.36","-0.02","-0.05","0.01"
"G138701_RCCBMS_00092_T_v1_RNA_OnPrem","False","False","0.56","0.64","0.28","0.36","-1.08","1.09","True","0.56","-0.14","-0.02","0.02","-0.00"
"EA.b1a8872f0a","False","False","0.56","2.04","0.35","1.28","2.15","0.75","True","0.56","0.31","-0.04","0.15","-0.05"
"gerald_H5NKVBBXX_5_ATTACTCG.TATAGCCT","False","False","0.56","1.06","0.50","0.68","-1.76","0.46","False","0.96","0.56","-0.01","0.13","-0.01"
"EA595454","False","False","0.56","2.40","0.60","0.96","0.99","2.05","True","0.56","-1.45","-0.10","-0.12","-0.03"
"SAMa90d73f8d891","False","False","0.56","-2.15","0.81","-1.54","-2.75","-1.22","False","-0.75","0.56","0.02","0.03","0.03"
"SRR10899989","False","False","0.56","-0.23","0.63","-0.37","-0.43","-0.99","False","0.19","0.56","0.05","0.03","0.00"
"P66291_12D_Run1_S29_L002","False","False","0.56","-0.28","0.42","-0.71","-5.72","-1.90","False","-0.60","0.56","0.01","0.08","0.01"
"SRR10900582","False","False","0.56","0.45","0.59","0.64","-0.06","0.87","True","0.56","-0.75","-0.04","-0.06","-0.03"
"SRR10899981","False","False","0.56","1.38","0.59","0.55","1.47","0.74","True","0.56","-0.23","-0.04","0.03","-0.02"
"EA.067bbb86b2","False","False","0.56","-0.67","0.35","0.10","-0.82","0.37","True","0.56","2.26","0.02","0.29","0.04"
"G138701_RCCBMS_00154_T_v1_RNA_OnPrem","False","False","0.56","0.85","0.50","0.47","0.73","0.41","True","0.56","-0.38","-0.05","-0.03","0.02"
"gerald_H5NKVBBXX_4_TAATGCGC.TATAGCCT","False","False","0.55","-0.25","0.65","0.17","0.35","1.48","True","0.55","-0.88","-0.02","-0.16","0.03"
"SRR8281222","False","False","0.55","-0.65","0.77","-0.58","-1.05","-0.91","False","-0.47","0.55","0.12","-0.09","0.05"
"EA.17a5b5a151","False","False","0.55","-1.72","0.16","-0.70","-0.73","-0.10","False","-0.18","0.55","0.14","-0.02","-0.03"
"EA.50758fc46e","False","False","0.55","-0.24","0.41","-0.35","-1.95","-0.02","False","-1.01","0.55","0.09","-0.07","0.06"
"SRR5088839","False","False","0.55","-0.72","0.21","-0.41","-0.39","-0.75","False","-0.05","0.55","0.03","0.06","-0.00"
"EA.e05e227078","False","False","0.54","1.55","0.85","-0.01","-1.62","-0.47","False","-1.08","0.54","0.14","-0.06","-0.01"
"SAM560f23d6a3ad","False","False","0.54","3.35","0.52","2.05","3.19","2.08","True","0.54","-2.39","-0.10","-0.16","-0.10"
"SAM8e43e9caf307","False","False","0.54","-1.17","0.28","-0.87","-0.68","-0.37","False","-1.45","0.54","0.11","-0.08","0.05"
"EA.a0d4b694fb","False","False","0.54","-0.36","0.10","0.15","0.14","0.28","False","1.55","0.54","-0.04","0.12","0.02"
"SAM9eebdef2858a","False","False","0.54","-0.55","0.29","-0.73","1.24","-0.58","False","-1.27","0.54","0.06","0.01","0.01"
"EA595720","False","False","0.54","-0.02","0.66","0.06","-0.58","0.89","True","0.54","-0.34","-0.05","-0.00","0.00"
"P66507_10C_Run1_S3_L001","False","False","0.53","2.49","0.62","1.59","1.30","2.43","True","0.53","-0.43","0.02","-0.05","-0.04"
"EA.f0b701f2f7","False","False","0.53","0.56","0.31","0.63","1.78","0.02","False","-0.03","0.53","0.07","0.05","-0.04"
"EA.565d538800","False","False","0.53","-1.39","0.55","-0.82","-0.43","-0.86","False","0.36","0.53","-0.01","0.09","0.01"
"SAM6662f5181f87","False","False","0.53","0.88","0.71","0.34","0.73","0.12","False","0.58","0.53","-0.03","0.12","0.01"
"SAMe9ae8beb82fa","False","False","0.53","-0.39","0.31","-0.08","-0.69","-0.34","False","0.60","0.53","-0.08","0.18","-0.01"
"SAM557dde1b9f3e","False","False","0.53","-0.19","0.39","0.24","-0.55","0.42","False","0.80","0.53","-0.04","0.11","0.01"
"SAM8884fe446d20","False","False","0.53","3.45","0.37","1.76","3.06","2.28","True","0.53","-0.05","0.07","0.08","-0.15"
"SAM6cb230f208a8","False","False","0.53","-1.64","0.27","-0.86","-1.18","-0.67","False","0.14","0.53","0.02","0.02","0.04"
"EA.c77ce3d8a5","False","False","0.53","-0.57","0.42","-0.19","-1.33","0.46","False","0.69","0.53","-0.04","0.13","0.00"
"SAM7c67b05aa109","False","False","0.52","-2.46","0.73","-1.72","-1.98","-2.38","False","-1.05","0.52","0.12","-0.13","0.07"
"ERR2208914","False","False","0.52","1.67","0.72","1.17","1.63","1.71","True","0.52","-0.95","0.01","-0.07","-0.09"
"SAMd5ab7fbfab4e","False","False","0.52","2.13","0.71","1.82","2.87","0.86","True","0.52","-1.47","-0.07","-0.10","-0.07"
"SRR3083584","False","False","0.52","-2.01","0.13","-1.22","-1.98","-1.24","False","0.05","0.52","0.03","0.04","0.01"
"EA.3e3fc66b5f","False","False","0.52","-0.05","0.48","0.54","-1.19","0.94","True","0.52","-0.78","-0.04","-0.10","0.03"
"EA639153","False","False","0.52","-0.59","0.24","-0.21","0.03","-2.75","False","0.20","0.52","0.02","0.06","0.01"
"SAM5d1dfd5207f5","False","False","0.52","-2.30","0.59","-1.43","-1.74","-1.24","False","-1.12","0.52","0.10","-0.11","0.07"
"P66291_07H_Run1_S5_L001","False","False","0.51","0.29","0.24","0.59","0.24","0.11","False","0.68","0.51","-0.01","0.11","-0.00"
"SAMcb132b0cdd2c","False","False","0.51","0.87","0.51","0.77","1.06","0.83","True","0.51","-1.20","-0.06","-0.13","-0.01"
"SAM23aa15d4a0b0","False","False","0.51","-1.25","0.46","-0.40","-1.21","-0.92","False","-0.13","0.51","0.05","0.00","0.02"
"EA.99b541ee1f","False","False","0.51","-0.53","0.86","-0.57","-1.30","-0.45","False","-1.23","0.51","0.16","-0.13","0.03"
"EA595719","False","False","0.51","-1.37","0.93","-0.90","-0.24","-1.82","False","-0.93","0.51","0.04","0.01","0.03"
"SAM8e8ef2368dfa","False","False","0.51","-1.32","0.20","-0.29","-0.32","-0.42","False","0.97","0.51","-0.11","0.21","0.00"
"ERR2497987","False","False","0.50","-0.57","0.87","-0.32","-1.33","-0.50","False","-0.73","0.50","0.07","-0.07","0.06"
"SAMb0d11db9aa79","False","False","0.50","3.02","0.90","1.43","2.13","2.35","True","0.50","-1.62","-0.06","-0.14","-0.05"
"P66291_08A_Run1_S6_L001","False","False","0.50","-0.87","0.45","-0.45","0.51","-1.05","False","-0.28","0.50","0.03","0.07","-0.01"
"EA.9f4ca88d34","False","False","0.50","-0.77","0.27","-0.76","-2.16","0.55","False","-0.16","0.50","-0.07","0.17","0.00"
"EA.f75c219f49","False","False","0.49","0.23","0.84","0.55","0.55","1.62","True","0.49","-1.51","-0.04","-0.20","-0.00"
"EA595597","False","False","0.49","2.75","0.63","1.35","0.84","2.16","True","0.49","-0.41","-0.06","0.04","-0.03"
"EA639134","False","False","0.49","1.66","0.61","1.22","-0.43","2.14","True","0.49","-0.58","-0.04","-0.04","-0.01"
"SRR5088815","False","False","0.49","1.95","0.44","1.16","2.00","0.82","True","0.49","-0.64","-0.04","0.04","-0.09"
"SAMcc7a42d87e9c","False","False","0.49","0.74","0.97","0.80","-0.42","0.84","True","0.49","0.27","0.03","-0.02","0.03"
"SRR10842381","False","False","0.49","-1.12","0.64","-0.96","-1.14","-1.20","False","-1.43","0.49","0.10","-0.05","0.01"
"EA595635","False","False","0.48","1.40","0.78","0.55","0.25","0.38","False","-0.43","0.48","0.02","0.07","-0.01"
"ERR2498004","False","False","0.48","-0.76","0.88","-0.74","-1.09","-1.54","False","-1.15","0.48","0.05","0.00","0.02"
"EA.4e0f4395a5","False","False","0.48","1.76","0.43","0.82","1.04","1.10","True","0.48","-0.16","0.04","-0.06","-0.01"
"ERR2208949","False","False","0.48","-1.98","0.79","-1.13","-1.35","-1.74","False","-0.02","0.48","-0.01","0.04","0.05"
"EA.ff7aa4957c","False","False","0.48","1.91","0.47","1.15","2.93","0.80","True","0.48","1.05","0.12","0.09","-0.05"
"SAM94859b440b1d","False","False","0.48","-2.14","0.26","-0.95","-0.98","-0.82","False","0.16","0.48","0.08","-0.05","0.04"
"SAM5cfa1699bdb7","False","False","0.48","0.73","0.13","0.19","0.02","-0.64","False","0.60","0.48","-0.03","0.13","-0.02"
"G138701_RCCBMS_00194_T_v1_RNA_OnPrem","False","False","0.48","2.07","0.67","0.97","1.48","0.50","True","0.48","-0.56","-0.06","-0.02","-0.01"
"EA.92f13ff253","False","False","0.48","-0.47","0.25","-0.04","-1.01","-0.24","False","0.23","0.48","-0.01","0.08","0.02"
"G138701_RCCBMS_00011_T_v1_RNA_OnPrem","False","False","0.47","-1.01","0.23","-0.66","1.28","-2.81","False","0.01","0.47","-0.00","0.06","0.03"
"EA.6c35cca71f","False","False","0.47","-1.43","0.51","-0.41","-1.49","-1.04","False","0.45","0.47","-0.04","0.05","0.07"
"P66511_01E_Run1_S17_L002","False","False","0.47","0.83","0.66","0.25","-0.48","0.32","True","0.47","-0.51","-0.03","-0.06","0.01"
"P66282_05G_Run1_S23_L002","False","False","0.47","0.49","0.58","-0.52","-0.40","-1.17","False","-1.26","0.47","0.02","0.04","0.01"
"P66287_07G_Run1_S4_L001","False","False","0.46","0.75","0.45","0.35","0.50","0.52","True","0.46","-0.25","-0.04","-0.01","0.02"
"EA632702","False","False","0.46","1.09","0.75","0.88","3.49","0.56","True","0.46","-0.64","-0.02","-0.04","-0.04"
"SRR2778361","False","False","0.46","1.19","0.51","0.73","1.01","0.48","True","0.46","-0.40","-0.02","-0.02","-0.03"
"EA.7eba74a7dd","False","False","0.46","-0.31","0.68","-0.46","-0.94","0.17","False","-0.52","0.46","0.11","-0.08","0.02"
"SAM28e6031ac18b","False","False","0.46","-2.49","0.96","-1.66","-0.60","-1.56","False","-1.54","0.46","0.09","-0.09","0.06"
"EA632171","False","False","0.46","0.35","0.39","0.58","0.01","1.42","True","0.46","-0.65","-0.02","-0.09","-0.00"
"SAM181b638b8248","False","False","0.46","0.41","0.27","0.70","2.19","1.07","True","0.46","-0.03","-0.07","0.14","-0.05"
"P66291_09A_Run1_S10_L001","False","False","0.46","-1.68","0.80","-0.80","0.66","-1.01","False","0.01","0.46","-0.02","0.09","0.02"
"SRR2771707","False","False","0.45","-0.60","0.62","-0.36","0.01","-1.23","False","-0.02","0.45","0.06","0.06","-0.05"
"SAMf2aae1443f67","False","False","0.45","-0.63","0.25","-0.75","-0.97","-0.52","False","-0.42","0.45","0.13","-0.07","0.00"
"G138701_RCCBMS_00008_T_v1_RNA_OnPrem","False","False","0.45","1.18","0.52","0.63","0.57","0.45","True","0.45","-0.12","-0.01","-0.02","0.01"
"SAMe07c4560772d","False","False","0.45","-3.01","0.42","-1.85","-2.31","-2.00","False","-0.94","0.45","0.12","-0.15","0.08"
"EA.6c620c9474","False","False","0.45","0.46","0.35","-0.32","-0.96","-0.22","False","-0.96","0.45","0.09","-0.07","0.03"
"EA.486b56bcf8","False","False","0.45","-0.59","0.23","-0.73","-1.32","4.41","False","-0.34","0.45","0.08","-0.06","0.04"
"EA595679","False","False","0.45","-0.78","0.60","-0.50","-0.93","-0.99","False","-0.39","0.45","0.01","0.03","0.04"
"EA.49cd4146cc","False","False","0.45","0.00","0.73","0.58","0.63","1.43","True","0.45","-0.78","-0.01","-0.12","0.01"
"SAM9a2cf3c06fb3","False","False","0.45","0.33","0.10","0.39","0.42","-0.04","False","0.29","0.45","-0.00","0.11","-0.03"
"SRR10900012","False","False","0.45","-0.07","0.50","-0.45","-0.90","-0.65","False","-0.40","0.45","0.03","0.04","-0.00"
"SAMd636e3461955","False","False","0.45","-0.63","0.08","0.14","0.60","-0.87","False","0.80","0.45","-0.17","0.32","-0.06"
"EA.f1383cf167","False","False","0.44","0.97","0.62","0.66","0.56","1.11","True","0.44","-0.57","-0.08","0.04","-0.04"
"EA.94f6872f22","False","False","0.44","-1.75","0.72","-1.28","-0.81","-1.36","False","-1.25","0.44","0.13","-0.11","0.04"
"ERR2208904","False","False","0.44","0.83","0.29","0.79","-0.27","1.92","True","0.44","-0.21","0.05","-0.09","-0.00"
"SRR10900552","False","False","0.44","-0.56","0.44","-0.53","-0.31","-1.38","False","-1.06","0.44","0.05","-0.03","0.03"
"SAM4918c524b83a","False","False","0.44","-1.09","0.55","-0.92","-1.18","-1.58","False","-0.32","0.44","0.02","0.04","0.00"
"P66451_06C_Run1_S12_L001","False","False","0.44","-2.05","0.41","-0.69","-1.52","-0.72","False","0.28","0.44","0.01","0.05","0.02"
"SRR10900015","False","False","0.44","-1.13","0.53","-0.71","-1.08","-1.32","False","-1.10","0.44","0.07","-0.01","-0.01"
"SAM203dcf14f927","False","False","0.44","2.57","0.91","1.44","1.00","2.35","True","0.44","-1.40","-0.07","-0.13","-0.03"
"SAMbc8dc3a7b54e","False","False","0.44","-1.95","0.29","-1.32","-1.82","-0.55","False","-1.05","0.44","0.14","-0.15","0.07"
"SAM568ce160abd9","False","False","0.43","-1.52","0.69","-0.33","0.45","0.35","False","0.53","0.43","-0.11","0.17","0.02"
"SAM714285adf612","False","False","0.43","3.36","0.66","2.31","3.16","5.27","True","0.43","-0.93","-0.04","-0.02","-0.09"
"SAMaff272833538","False","False","0.43","-0.51","0.25","-0.01","-0.57","-0.52","False","0.41","0.43","-0.01","0.08","-0.01"
"SAM681e4bf7cf85","False","False","0.43","0.27","0.35","-0.20","-0.76","-0.76","False","-0.77","0.43","0.02","0.01","0.02"
"EA.f06a185968","False","False","0.43","-0.49","0.38","-0.63","-1.32","-1.67","False","-0.35","0.43","0.05","-0.02","0.03"
"P66282_11G_Run1_S20_L002","False","False","0.42","2.61","0.40","1.13","1.29","2.81","True","0.42","-1.22","-0.08","-0.11","-0.01"
"SAM7edacb3deb65","False","False","0.42","-1.52","0.25","-0.98","-0.82","-0.41","False","-1.25","0.42","0.07","-0.07","0.06"
"P66507_02H_Run1_S29_L002","False","False","0.42","0.86","0.39","0.45","0.42","1.09","True","0.42","-0.16","-0.02","0.04","-0.03"
"SAM00b9e5c52da9","False","False","0.42","-0.31","0.65","-0.04","0.09","-0.20","False","0.15","0.42","-0.07","0.15","0.00"
"ERR2208892","False","False","0.42","2.84","0.71","2.03","2.64","3.70","True","0.42","-2.83","-0.15","-0.17","-0.11"
"EA.5c023ca6fa","False","False","0.42","-0.60","0.53","-0.41","-0.93","0.09","False","-0.65","0.42","0.07","0.00","-0.01"
"SAM62fb1388c871","False","False","0.42","-0.72","0.37","-0.44","-0.17","-1.13","False","-0.35","0.42","0.07","-0.05","0.02"
"EA.39db351c7f","False","False","0.42","2.49","0.89","1.57","1.34","1.12","True","0.42","-1.93","-0.04","-0.19","-0.07"
"SRR10900559","False","False","0.42","0.46","0.46","0.39","0.64","-0.11","False","0.92","0.42","-0.05","0.14","-0.00"
"EA.a1059deb80","False","False","0.42","-1.76","0.34","-1.23","-1.48","-1.71","False","-0.88","0.42","0.06","-0.09","0.08"
"RCC_27_T_SCR","False","False","0.41","-0.63","0.21","-0.42","1.67","-2.82","False","-0.23","0.41","-0.01","0.07","0.01"
"ERR3262562","False","False","0.41","1.58","0.76","0.80","-1.04","0.53","False","-0.83","0.41","0.07","-0.02","-0.01"
"EA.2c6da9c344","False","False","0.41","1.08","0.54","0.62","-0.40","0.51","True","0.41","-1.24","-0.12","-0.03","-0.04"
"EA.430c074180","False","False","0.41","1.41","0.75","0.16","-0.36","0.23","False","-1.41","0.41","0.10","-0.03","-0.02"
"SAM61baf919bb01","False","False","0.41","1.46","0.38","0.79","-0.12","0.52","False","1.26","0.41","-0.06","0.12","0.01"
"SRR10900557","False","False","0.41","0.90","0.34","1.18","5.23","1.12","False","1.11","0.41","-0.06","0.16","-0.03"
"EA.ffe004da1c","False","False","0.41","-0.66","0.42","-0.64","-0.75","-0.96","False","0.22","0.41","-0.04","0.13","-0.02"
"SAMe50d15fde368","False","False","0.41","-2.03","0.67","-1.47","-1.54","-1.72","False","-0.94","0.41","0.12","-0.14","0.06"
"SAMd98bac0a070f","False","False","0.40","-0.78","0.55","-0.58","-1.03","-0.59","False","0.43","0.40","0.01","0.07","-0.01"
"EA.eed6f87fd6","False","False","0.40","3.57","0.57","1.98","2.76","3.66","True","0.40","-1.59","-0.06","-0.05","-0.13"
"SAM63405b04ab2d","False","False","0.40","1.41","0.33","0.75","0.45","0.29","False","0.83","0.40","-0.07","0.24","-0.08"
"gerald_H5NKVBBXX_5_ATTCAGAA.ATAGAGGC","False","False","0.39","0.08","0.58","0.25","-0.33","1.04","True","0.39","0.43","-0.03","0.04","0.06"
"EA595564","False","False","0.39","-1.44","0.76","-0.78","-0.33","0.16","False","-0.39","0.39","-0.02","0.08","0.01"
"EA.0c41f7a172","False","False","0.39","-0.65","0.59","-0.87","-0.76","-0.43","False","-0.95","0.39","0.08","-0.06","0.02"
"SAMe1eb5d988760","False","False","0.39","1.96","0.52","1.11","0.88","0.79","True","0.39","0.31","-0.03","0.11","-0.03"
"P66511_01B_Run1_S15_L002","False","False","0.39","-0.07","0.31","0.14","-0.49","-1.67","False","-0.32","0.39","0.06","-0.02","0.02"
"SAM297c0301e861","False","False","0.39","0.79","0.41","0.58","3.62","0.24","False","-0.17","0.39","-0.02","0.20","-0.11"
"SAM563d6233dfa2","False","False","0.39","-2.32","0.10","-1.24","0.33","-2.44","False","0.18","0.39","0.10","-0.03","-0.00"
"SRR3184285","False","False","0.39","-0.47","0.69","-0.41","-0.31","-0.75","False","-0.69","0.39","0.01","0.08","-0.03"
"SAMbcbc7957c264","False","False","0.39","-1.39","0.55","-0.95","-0.73","-1.77","False","-0.89","0.39","0.07","-0.08","0.06"
"SAM04c589eb3fb3","False","False","0.39","0.27","0.85","0.09","-0.54","0.57","True","0.39","0.16","0.04","0.02","-0.03"
"EA.589781a608","False","False","0.38","1.03","0.79","0.22","-0.14","-0.02","False","-0.99","0.38","0.15","-0.10","-0.01"
"P66425_03B_Run1_S10_L001","False","False","0.38","0.54","0.77","0.28","0.78","0.56","False","-0.28","0.38","0.02","0.04","0.01"
"P66432_11C_Run1_S7_L001","False","False","0.38","0.62","0.72","0.53","0.30","0.97","True","0.38","-0.72","-0.04","-0.09","0.00"
"EA.d8e8a39ad4","False","False","0.38","1.48","0.69","1.04","1.41","0.78","False","0.41","0.38","0.10","-0.02","-0.01"
"G109543_RCCBMS_00150_T_v1_RNA_OnPrem","False","False","0.37","-3.02","0.34","-2.06","-1.22","-1.70","False","-0.91","0.37","0.05","-0.05","0.04"
"EA.ac7669b1c9","False","False","0.37","2.54","0.22","1.29","0.48","0.95","True","0.37","0.71","0.01","0.18","-0.06"
"SRR10899993","False","False","0.36","-2.01","0.62","-1.10","-0.52","-1.23","False","-1.21","0.36","0.03","0.01","0.02"
"P66282_04H_Run1_S20_L002","False","False","0.36","-2.24","0.19","-2.34","-3.44","0.81","False","-0.36","0.36","0.03","0.03","-0.00"
"SRR2779097","False","False","0.36","-1.52","0.59","-0.71","-0.38","-1.38","False","-0.56","0.36","0.08","-0.01","-0.01"
"SRR10842363","False","False","0.36","-0.09","0.23","-0.23","-0.06","-0.63","False","-0.27","0.36","0.10","-0.04","-0.01"
"ERR2208924","False","False","0.36","-0.37","0.33","-0.18","-1.58","-0.47","False","-0.11","0.36","0.04","0.00","0.02"
"SRR3184293","False","False","0.36","-1.35","0.05","-0.64","-1.03","-0.20","False","1.26","0.36","0.01","0.04","0.01"
"EA.2ebe0a2499","False","False","0.36","1.08","0.47","0.84","2.08","0.40","True","0.36","0.24","-0.02","0.17","-0.11"
"EA.0a71e17237","False","False","0.35","0.76","0.45","0.00","-1.33","-0.41","False","-0.56","0.35","0.01","0.08","-0.03"
"EA.87117e42e9","False","False","0.35","-2.00","0.52","-0.84","0.26","-0.68","False","0.45","0.35","-0.04","0.05","0.05"
"SAMeff2ce356ccb","False","False","0.35","-0.25","0.57","-0.79","-1.06","-0.56","False","-1.43","0.35","0.12","-0.12","0.03"
"EA632151","False","False","0.35","-0.73","0.56","-0.35","0.03","-0.90","False","-0.20","0.35","0.02","0.02","0.02"
"SAMe94c30c30616","False","False","0.35","0.27","0.39","0.31","0.61","-0.35","False","0.87","0.35","-0.01","0.15","-0.07"
"EA.c595fde491","False","False","0.35","-0.51","0.26","-0.02","-1.41","0.33","False","0.24","0.35","-0.03","0.06","0.03"
"P66291_06G_Run1_S29_L002","False","False","0.35","-2.66","0.49","-1.18","0.90","-1.46","False","0.06","0.35","-0.01","0.05","0.03"
"SAMaf7578d55754","False","False","0.35","0.22","0.77","0.15","0.54","0.63","True","0.35","0.15","-0.02","0.06","-0.02"
"EA.70dc4111a1","False","False","0.35","0.68","0.14","0.28","-0.74","0.42","False","0.07","0.35","-0.01","0.07","0.00"
"EA595620","False","False","0.35","-2.28","0.80","-1.09","-0.74","-0.56","False","-1.07","0.35","0.00","0.02","0.03"
"SAMaaf505c36f93","False","False","0.34","-0.81","0.34","-0.56","-1.34","-1.11","False","-0.15","0.34","0.03","-0.02","0.03"
"P66291_08F_Run1_S7_L001","False","False","0.34","1.19","0.68","0.38","0.83","0.36","False","-0.09","0.34","0.02","0.06","-0.01"
"EA.ba147ee405","False","False","0.34","0.98","0.66","0.15","-0.60","-1.45","False","0.15","0.34","-0.04","0.12","-0.02"
"RCC_96_T_SCR","False","False","0.33","-1.38","0.32","-0.47","0.60","-0.23","False","0.17","0.33","0.00","0.04","0.02"
"EA.cc43e53baa","False","False","0.33","0.09","0.71","-0.23","1.18","-1.50","False","-1.07","0.33","0.06","0.01","-0.02"
"EA.e8a8c291f5","False","False","0.33","1.55","0.49","0.76","1.17","0.89","True","0.33","-0.49","0.05","-0.08","-0.04"
"SAM4305ab968b90","False","False","0.33","-2.22","0.92","-1.56","-2.67","-2.07","False","-1.28","0.33","0.12","-0.18","0.10"
"P66282_03D_Run1_S11_L001","False","False","0.33","0.61","0.86","0.01","-0.02","0.71","False","-0.92","0.33","0.02","0.04","-0.00"
"SAMc0da5d48686d","False","False","0.33","-1.93","0.62","-0.50","3.35","-1.97","False","-0.89","0.33","0.07","-0.01","-0.02"
"EA.a4faa72112","False","False","0.33","-0.33","0.49","-0.03","-0.98","0.12","False","0.42","0.33","-0.05","0.09","0.02"
"EA.4227d50c29","False","False","0.33","-1.64","0.16","-1.32","-1.93","-2.11","False","-0.53","0.33","0.09","-0.07","0.03"
"G138701_RCCBMS_00125_T_v1_RNA_OnPrem","False","False","0.32","-0.60","0.39","-0.68","0.19","-0.82","False","0.03","0.32","0.02","0.02","0.01"
"SAM27299aed7681","False","False","0.32","-0.88","0.50","-0.77","-1.12","-0.94","False","-1.27","0.32","0.10","-0.10","0.04"
"EA.0e1d5bde8d","False","False","0.32","1.83","0.61","1.13","-0.32","1.15","True","0.32","0.22","0.04","-0.00","-0.01"
"EA.f2b7c893ac","False","False","0.32","0.52","0.41","0.50","0.41","1.10","True","0.32","-0.63","-0.04","-0.03","-0.02"
"EA.1380aee480","False","False","0.32","1.06","0.18","0.56","0.57","1.86","False","0.76","0.32","-0.05","0.15","-0.03"
"gerald_H5NKVBBXX_7_CGCTCATT.TATAGCCT","False","False","0.32","-0.31","0.49","0.49","-0.44","2.47","False","0.73","0.32","0.07","0.00","-0.02"
"EA.06d0116ba4","False","False","0.31","-1.97","0.07","-1.14","-0.60","-1.91","False","-0.25","0.31","0.05","-0.00","0.00"
"ERR2208901","False","False","0.31","-1.27","0.65","-0.98","-1.27","-1.56","False","-1.44","0.31","0.07","-0.08","0.05"
"SAMe3210d3632b4","False","False","0.31","1.51","0.50","0.67","1.04","-0.04","False","0.46","0.31","0.03","0.12","-0.09"
"P66282_01G_Run1_S3_L001","False","False","0.31","0.17","0.55","-0.14","-5.72","0.84","True","0.31","-0.43","-0.04","-0.01","-0.01"
"EA.500c46d341","False","False","0.31","0.41","0.19","0.21","-0.23","-0.55","False","0.62","0.31","-0.08","0.12","0.01"
"EA.eab017d1d0","False","False","0.31","-1.51","0.10","-0.57","-0.75","-0.64","False","0.75","0.31","0.01","0.03","0.01"
"P66507_03H_Run1_S30_L002","False","False","0.30","-0.35","0.37","-0.63","-0.29","-1.73","False","0.26","0.30","-0.01","0.09","-0.01"
"SRR10900584","False","False","0.30","2.97","0.48","1.50","1.93","1.34","True","0.30","-1.42","-0.06","-0.07","-0.08"
"SAM36d87392593b","False","False","0.30","0.05","0.70","0.44","2.19","-0.28","False","0.16","0.30","0.08","-0.01","-0.03"
"EA.e71a94e2c1","False","False","0.30","-0.06","0.68","-0.04","-0.65","1.79","False","-0.05","0.30","0.09","-0.05","0.00"
"EA.5d8709ab8d","False","False","0.30","-0.98","0.19","-0.05","0.11","-0.22","False","0.25","0.30","-0.06","0.07","0.04"
"SAM1f83ebd6be9b","False","False","0.29","-1.53","0.92","-1.00","-0.79","-0.90","False","-1.25","0.29","0.07","-0.07","0.04"
"gerald_H5NKVBBXX_4_CGGCTATG.TATAGCCT","False","False","0.29","-0.04","0.70","0.11","0.66","0.57","False","-0.30","0.29","0.01","0.09","-0.04"
"SRR5088909","False","False","0.29","0.09","0.64","0.01","0.04","-0.52","False","-0.40","0.29","0.07","-0.04","0.01"
"EA639104","False","False","0.29","1.86","0.71","1.05","1.39","0.29","True","0.29","-0.59","-0.04","-0.03","-0.03"
"SAMbe25e2c88f3e","False","False","0.29","2.45","0.79","1.56","2.02","3.48","True","0.29","-2.00","-0.06","-0.16","-0.08"
"P66507_08D_Run1_S20_L002","False","False","0.29","-0.07","0.27","-0.08","-1.08","-0.13","False","0.23","0.29","0.03","0.02","0.01"
"EA.1c12dd3cac","False","False","0.29","1.55","0.37","0.64","-0.05","0.35","True","0.29","-0.86","-0.06","-0.01","-0.07"
"SRR5088866","False","False","0.29","0.41","0.63","0.43","1.14","1.15","True","0.29","-0.58","0.03","-0.03","-0.10"
"SAM2570ff4aae6e","False","False","0.29","1.29","0.74","0.74","0.08","0.73","True","0.29","0.27","-0.06","0.17","-0.06"
"EA.d1b6fb4598","False","False","0.29","-0.55","0.48","-1.10","-0.08","-1.72","False","-0.32","0.29","0.02","0.01","0.01"
"gerald_H5NKVBBXX_6_TCCGCGAA.TATAGCCT","False","False","0.29","-1.30","0.55","-0.60","-0.94","-0.75","False","-0.50","0.29","0.10","-0.07","0.01"
"P66425_07C_Run1_S2_L001","False","False","0.29","1.84","0.35","1.22","0.96","1.47","True","0.29","-1.14","-0.05","-0.15","0.00"
"SAM822b226466a1","False","False","0.28","-2.25","0.83","-1.16","-1.06","-1.50","False","-0.69","0.28","0.06","-0.11","0.08"
"SAM8f2275c36e8c","False","False","0.28","-1.43","0.53","-0.97","-2.09","-1.19","False","-0.69","0.28","0.02","-0.01","0.02"
"P66511_06B_Run1_S14_L001","False","False","0.28","-1.86","0.44","-0.79","0.53","-0.81","False","0.03","0.28","0.02","0.03","0.01"
"P66507_04C_Run1_S2_L001","False","False","0.28","0.43","0.22","0.22","-0.75","0.49","False","-0.23","0.28","0.01","0.01","0.02"
"EA.44b121568a","False","False","0.28","0.26","0.82","0.42","-0.43","1.70","True","0.28","-1.60","-0.02","-0.30","0.07"
"SAMd7d57ee3a863","False","False","0.27","2.83","0.58","1.56","2.16","2.93","True","0.27","-0.72","-0.05","0.07","-0.13"
"SRR2689711","False","False","0.27","-1.37","0.67","-0.47","-0.97","-0.98","False","0.98","0.27","-0.04","0.08","0.02"
"SAMf3a9bce50099","False","False","0.27","-0.23","0.25","0.37","-0.48","0.01","False","0.93","0.27","-0.06","0.11","0.00"
"G138701_RCCBMS_00068_T_v1_RNA_OnPrem","False","False","0.27","-0.53","0.59","-0.29","0.49","-0.35","False","0.07","0.27","0.02","0.04","-0.01"
"EA639019","False","False","0.27","1.95","0.64","1.28","1.43","1.15","True","0.27","-1.15","-0.06","-0.10","-0.03"
"SAM716f54e468f4","False","False","0.27","0.81","0.30","0.57","-0.40","0.73","False","0.49","0.27","-0.04","0.07","0.02"
"gerald_H5NKVBBXX_5_TCCGGAGA.TATAGCCT","False","False","0.27","1.08","0.29","0.16","2.05","0.76","False","-0.15","0.27","0.05","-0.01","-0.01"
"SAM30cf07d4874f","False","False","0.26","0.20","0.52","0.29","0.25","0.18","False","0.37","0.26","-0.06","0.13","-0.03"
"SRR10900589","False","False","0.26","0.70","0.45","0.28","0.39","-0.24","False","-0.12","0.26","0.06","-0.03","0.00"
"SRR5088813","False","False","0.26","1.66","0.77","1.15","2.22","1.25","True","0.26","-0.96","-0.01","-0.09","-0.05"
"P66291_09D_Run1_S11_L001","False","False","0.25","-1.92","0.56","-0.01","-0.80","1.52","False","0.08","0.25","0.01","0.02","0.00"
"SAM771445e92421","False","False","0.25","1.84","0.51","0.87","1.13","0.68","False","0.69","0.25","-0.11","0.17","-0.01"
"G138701_RCCBMS_00098_T_v1_RNA_OnPrem","False","False","0.25","-0.87","0.37","-1.23","2.01","-0.99","False","-0.28","0.25","0.01","0.01","0.02"
"G138701_RCCBMS_00099_T_v1_RNA_OnPrem","False","False","0.25","-0.46","0.75","-0.33","-0.01","-0.31","False","-0.40","0.25","-0.01","0.02","0.03"
"SAMa321770ac31c","False","False","0.25","0.53","0.70","-0.02","-0.88","-0.03","False","-0.60","0.25","0.08","-0.05","-0.01"
"G138701_RCCBMS_00053_T_v1_RNA_OnPrem","False","False","0.25","1.61","0.44","0.85","0.46","0.72","True","0.25","-0.70","-0.06","-0.04","-0.02"
"EA.9cd0c6e40f","False","False","0.25","0.53","0.85","-0.01","-0.33","-0.24","False","-0.24","0.25","0.07","-0.01","-0.04"
"EA595522","False","False","0.25","0.14","0.88","-0.24","-0.17","-0.56","False","-0.49","0.25","-0.00","0.02","0.03"
"RCC_105_T_SCR","False","False","0.25","-2.26","0.55","-1.44","-1.29","-0.53","False","-0.35","0.25","0.01","0.02","0.02"
"SRR10842356","False","False","0.25","-1.58","0.43","-0.77","-0.88","-0.95","False","0.11","0.25","0.04","0.00","-0.02"
"P66451_09H_Run1_S2_L001","False","False","0.25","1.68","0.72","0.84","1.09","1.08","True","0.25","-0.97","-0.05","-0.11","-0.02"
"EA.23bc18f12d","False","False","0.25","2.98","0.34","1.71","1.16","2.71","True","0.25","-1.42","-0.05","-0.11","-0.07"
"EA.75925e872f","False","False","0.24","-0.78","0.80","-0.37","1.24","-0.71","False","-0.70","0.24","0.09","-0.06","-0.00"
"SAM6792d6e98068","False","False","0.24","-1.93","0.47","-1.51","-1.24","-2.19","False","-0.59","0.24","0.06","-0.11","0.07"
"G138701_RCCBMS_00163_T_v1_RNA_OnPrem","False","False","0.24","-1.60","0.12","-0.98","1.74","-1.37","False","-0.32","0.24","-0.02","0.06","-0.00"
"EA.f04c74af22","False","False","0.24","2.17","0.53","1.23","0.62","2.10","True","0.24","-1.67","-0.07","-0.17","-0.03"
"ERR2208902","False","False","0.24","-0.23","0.33","0.02","-0.00","0.61","False","-0.37","0.24","-0.00","0.01","0.04"
"EA.a285584af5","False","False","0.24","1.18","0.28","0.89","1.10","0.91","False","0.97","0.24","-0.08","0.15","-0.02"
"SAM9cafb905b36a","False","False","0.24","1.27","0.40","1.62","4.30","1.98","True","0.24","-0.39","-0.00","-0.02","-0.05"
"SAMe5bc41772bc9","False","False","0.24","-1.57","0.48","-0.83","-0.52","-1.16","False","-0.06","0.24","0.00","0.04","-0.01"
"SRR10899996","False","False","0.24","-1.87","0.68","-0.82","0.21","-1.08","False","0.78","0.24","-0.08","0.10","0.02"
"ERR2208906","False","False","0.23","2.45","0.77","1.49","1.79","1.86","True","0.23","-1.07","-0.03","-0.06","-0.08"
"RCC_41_T_SCR","False","False","0.23","1.89","0.61","1.34","0.07","2.05","True","0.23","-1.18","-0.10","-0.08","-0.01"
"SAMc57eadb2d82b","False","False","0.23","-2.68","0.32","-1.65","-2.09","-2.28","False","-0.80","0.23","0.07","-0.10","0.06"
"SAM1f66db567eb5","False","False","0.23","0.90","0.30","0.85","2.01","0.74","True","0.23","1.23","0.10","0.13","-0.04"
"EA.608aa4ac91","False","False","0.23","1.62","0.81","1.20","1.32","1.45","True","0.23","-0.41","0.09","-0.08","-0.09"
"P66511_07G_Run1_S18_L002","False","False","0.23","0.76","0.54","0.08","0.27","0.41","True","0.23","-0.22","-0.03","-0.01","0.01"
"EA.fd78d6ec5b","False","False","0.23","2.04","0.49","1.64","3.81","0.33","False","1.39","0.23","0.00","0.11","-0.07"
"SAMa1e62d323e1d","False","False","0.23","0.45","0.43","0.38","-0.80","0.92","True","0.23","0.42","0.03","0.01","0.02"
"SRR5088916","False","False","0.23","2.52","0.69","1.17","1.19","1.37","True","0.23","-0.51","-0.03","-0.02","-0.03"
"EA.7ed91a19ad","False","False","0.22","-0.17","0.60","0.11","-0.72","0.51","True","0.22","0.18","0.09","-0.08","0.03"
"SAMeb29625f76a5","False","False","0.22","-0.16","0.63","-0.25","-0.72","-0.89","False","-0.34","0.22","0.05","-0.03","0.02"
"P66507_06C_Run1_S10_L001","False","False","0.22","-0.32","0.69","0.16","0.07","0.55","True","0.22","-0.08","-0.01","-0.02","0.02"
"P66287_11A_Run1_S20_L002","False","False","0.22","1.37","0.73","1.02","1.42","1.66","True","0.22","-0.11","-0.02","-0.00","0.01"
"SAM08cce2fa88f2","False","False","0.22","-2.67","0.52","-1.60","-1.99","-1.41","False","-0.92","0.22","0.04","-0.06","0.05"
"SAMba1a34b5a060","False","False","0.22","0.64","0.62","0.48","0.38","0.14","True","0.22","0.73","0.07","0.05","-0.00"
"G138701_RCCBMS_00191_T_v1_RNA_OnPrem","False","False","0.22","0.20","0.58","-0.04","-0.87","-0.15","False","-0.35","0.22","0.00","0.03","0.00"
"EA.2faaf24e6a","False","False","0.22","1.01","0.55","0.60","1.40","0.88","True","0.22","-0.10","0.01","-0.01","-0.01"
"P66451_05G_Run1_S9_L001","False","False","0.22","-0.19","0.87","0.47","-0.71","0.47","False","0.04","0.22","0.03","-0.04","0.02"
"ERR2208977","False","False","0.22","-0.62","0.45","-0.27","-0.41","-0.53","False","0.34","0.22","-0.05","0.09","0.01"
"SRR2772780","False","False","0.22","0.87","0.31","0.45","0.41","0.87","True","0.22","0.24","-0.10","0.15","0.01"
"EA.e43db4f4b3","False","False","0.21","-0.65","0.84","-0.06","2.02","-0.94","False","-0.28","0.21","0.13","-0.10","-0.01"
"EA.6ae8bad142","False","False","0.21","-0.61","0.48","0.17","-1.00","1.50","False","1.33","0.21","-0.16","0.21","0.01"
"SRR10900556","False","False","0.21","-0.89","0.48","-0.27","-1.22","0.29","True","0.21","0.53","0.05","-0.00","0.04"
"P66291_11E_Run1_S23_L002","False","False","0.21","-1.54","0.78","-0.93","0.13","-0.43","False","-0.83","0.21","-0.00","0.01","0.02"
"SRR10842380","False","False","0.21","1.60","0.71","0.89","0.06","1.23","True","0.21","-0.99","-0.04","-0.07","-0.05"
"SAM12502d970c10","False","False","0.21","-1.03","0.26","-0.54","-0.67","-0.83","False","-0.14","0.21","0.04","0.00","-0.01"
"SAMb3c02294aba7","False","False","0.21","-1.79","0.42","-1.21","-0.83","-1.44","False","-1.01","0.21","0.10","-0.07","-0.02"
"EA.6ab3b0782d","False","False","0.20","-0.58","0.78","-0.56","-1.50","-0.13","False","-0.92","0.20","0.10","-0.10","0.03"
"EA.f7d4c4712c","False","False","0.20","1.32","0.90","0.84","0.35","1.36","True","0.20","-2.57","-0.23","-0.12","-0.04"
"EA.02352606b6","False","False","0.20","-1.95","0.50","-0.73","-0.41","-1.33","False","0.11","0.20","-0.06","0.03","0.06"
"EA.2dbae42e09","False","False","0.20","0.67","0.64","0.54","0.47","0.55","True","0.20","-0.50","0.05","-0.10","-0.04"
"SAM2dc3f04e45e9","False","False","0.20","2.62","0.25","1.12","2.14","2.25","True","0.20","-0.67","-0.03","-0.04","-0.04"
"RCC_21_T_SCR","False","False","0.20","0.56","0.34","0.02","1.27","-0.39","False","0.00","0.20","0.02","0.05","-0.03"
"SAM31291c256373","False","False","0.20","0.37","0.85","0.09","-0.44","0.07","False","-0.03","0.20","-0.03","0.09","-0.03"
"P66511_06F_Run1_S15_L001","False","False","0.20","-0.99","0.81","-0.40","0.81","-1.04","False","-0.58","0.20","0.03","-0.02","0.02"
"P66451_05D_Run1_S8_L001","False","False","0.20","0.31","0.80","0.26","0.08","0.40","True","0.20","-0.55","-0.04","-0.03","-0.02"
"SRR3184279","False","False","0.20","0.38","0.54","0.42","-0.09","0.38","True","0.20","1.02","-0.02","0.19","0.00"
"SRR10842369","False","False","0.20","1.99","0.53","1.31","1.51","1.24","True","0.20","-0.31","-0.03","0.02","-0.05"
"EA.29cd8ee3ce","False","False","0.20","-1.21","0.87","-1.14","-0.09","-1.67","False","-1.19","0.20","0.10","-0.12","0.04"
"EA.9a039d1bb1","False","False","0.20","2.25","0.64","1.22","0.21","1.84","True","0.20","-0.98","-0.03","-0.03","-0.09"
"SAM961d04c42bd9","False","False","0.20","-0.66","0.79","-0.26","-1.24","0.54","False","-0.00","0.20","0.05","-0.03","0.01"
"EA.849b335ce3","False","False","0.20","-1.01","0.23","0.25","-0.35","-0.57","False","0.76","0.20","0.04","-0.03","0.02"
"P66451_02H_Run1_S22_L002","False","False","0.20","0.32","0.21","-0.01","1.10","-0.32","False","-0.01","0.20","-0.02","0.07","-0.01"
"SAM548551ef782c","False","False","0.19","-1.92","0.56","-0.96","-0.27","-1.29","False","-1.30","0.19","0.09","-0.07","0.01"
"EA647818","False","False","0.19","-4.15","0.41","-1.15","-0.12","-1.77","False","-0.02","0.19","-0.01","0.01","0.03"
"P66291_06D_Run1_S27_L002","False","False","0.19","-0.69","0.42","-0.30","-0.74","0.09","False","-0.40","0.19","-0.01","0.02","0.02"
"SRR5088922","False","False","0.19","0.21","0.61","-0.21","-0.29","-0.03","False","-1.09","0.19","0.01","-0.01","0.03"
"EA.292a509296","False","False","0.19","-0.74","0.82","-0.13","1.74","-0.57","False","-0.17","0.19","0.08","-0.05","0.00"
"EA.df558972c9","False","False","0.19","-0.04","0.44","0.15","-0.94","-0.13","False","0.04","0.19","0.04","-0.02","0.00"
"SRR8281232","False","False","0.19","1.00","0.36","0.64","-0.77","1.58","False","0.84","0.19","-0.08","0.15","-0.02"
"SAM9681450bbc90","False","False","0.19","2.85","0.39","1.26","1.03","1.25","True","0.19","0.59","-0.03","0.21","-0.07"
"P66287_04D_Run1_S18_L002","False","False","0.18","0.78","0.66","0.32","-0.23","1.16","True","0.18","-0.18","-0.03","-0.00","0.01"
"gerald_H5NKVBBXX_6_GAATTCGT.ATAGAGGC","False","False","0.18","-0.86","0.12","-0.94","-1.27","-0.22","False","0.56","0.18","-0.05","0.11","-0.02"
"SAM4caabd64e7fd","False","False","0.18","-0.34","0.99","-0.46","-1.31","0.62","False","-0.23","0.18","0.05","-0.08","0.05"
"SAM18039827e1b9","False","False","0.18","-1.32","0.46","-1.02","-2.28","-1.49","False","-0.71","0.18","0.07","-0.10","0.05"
"SAM91c47b054ffb","False","False","0.18","1.23","0.71","0.66","0.40","0.65","False","-0.48","0.18","0.09","-0.12","0.03"
"SAM032c642382a7","False","False","0.18","2.22","0.77","1.65","3.60","0.70","True","0.18","-1.38","0.01","-0.12","-0.09"
"SRR10900583","False","False","0.18","2.29","0.51","1.07","0.26","2.56","True","0.18","-1.63","-0.05","-0.16","-0.05"
"G138701_RCCBMS_00036_T_v1_RNA_OnPrem","False","False","0.18","2.21","0.78","1.10","0.59","2.28","True","0.18","-0.89","-0.05","-0.10","-0.01"
"EA.6c5ac35dae","False","False","0.18","-0.41","0.85","-0.13","-1.27","0.71","False","0.44","0.18","0.06","-0.05","0.01"
"SRR10899986","False","False","0.18","0.01","0.30","0.17","-0.05","1.03","False","-0.43","0.18","-0.05","0.08","0.00"
"P66291_10C_Run1_S18_L002","False","False","0.18","0.90","0.39","0.53","0.37","1.36","True","0.18","-0.12","-0.02","0.02","-0.02"
"SRR10900597","False","False","0.18","-0.08","0.41","-0.15","-0.59","0.17","False","-0.92","0.18","0.09","-0.10","0.02"
"EA.247eff8239","False","False","0.17","-1.30","0.27","-0.08","1.74","-0.98","False","0.17","0.17","0.03","0.00","-0.01"
"EA.54a1c951c1","False","False","0.17","1.38","0.60","0.52","0.33","1.10","True","0.17","0.90","0.04","0.15","-0.04"
"ERR2498023","False","False","0.17","-1.06","0.00","-1.01","-1.10","-2.74","False","-0.10","0.17","-0.02","0.07","-0.01"
"EA.c29c6cb18b","False","False","0.17","-1.39","0.07","-0.87","0.09","-0.35","False","0.34","0.17","-0.01","0.09","-0.04"
"SAM7ee2b6e4d6b3","False","False","0.17","-1.16","0.91","-0.78","-1.07","-1.18","False","-0.79","0.17","0.05","-0.07","0.04"
"EA.175bce5be6","False","False","0.17","1.06","0.33","0.90","-0.23","2.23","True","0.17","-1.45","-0.09","-0.15","0.00"
"EA.c25ac1d9df","False","False","0.17","0.89","0.86","0.94","5.79","0.96","True","0.17","0.05","0.06","-0.07","0.01"
"SAMd0e47be700b0","False","False","0.17","-1.28","0.82","-0.56","-0.31","-0.64","False","-0.53","0.17","0.09","-0.09","0.02"
"P66507_06E_Run1_S12_L001","False","False","0.17","0.62","0.63","0.25","0.08","-0.25","False","-0.09","0.17","0.01","0.01","0.01"
"G138701_RCCBMS_00090_T_v1_RNA_OnPrem","False","False","0.16","0.60","0.90","-0.05","-1.02","0.22","False","-0.65","0.16","0.01","0.01","0.01"
"SAM30b5c6c54cf7","False","False","0.16","-0.51","0.79","-0.22","-0.82","0.03","False","-0.56","0.16","0.08","-0.06","0.00"
"EA.f167c59251","False","False","0.16","-1.09","0.52","-0.48","-1.50","0.57","False","-0.06","0.16","0.01","-0.01","0.04"
"EA.63e7c5ecce","False","False","0.16","-0.06","0.04","-0.50","-1.97","-1.31","False","0.17","0.16","0.04","0.04","-0.04"
"EA.64eb5edaf6","False","False","0.16","0.06","0.67","0.43","1.47","1.28","False","0.21","0.16","0.09","-0.06","-0.01"
"G138701_RCCBMS_00020_T_v1_RNA_OnPrem","False","False","0.16","0.16","0.48","0.23","0.35","0.42","False","0.13","0.16","0.00","0.01","0.02"
"EA.0ef77bd35a","False","False","0.16","1.68","0.32","0.79","1.02","0.71","False","0.71","0.16","0.02","0.07","-0.06"
"SRR3184281","False","False","0.16","0.08","0.11","-0.15","0.18","-0.37","False","-0.59","0.16","0.05","-0.08","0.05"
"EA.1e46058ae9","False","False","0.15","-1.56","0.41","-1.05","-1.89","-1.19","False","-0.77","0.15","-0.02","-0.03","0.08"
"EA595636","False","False","0.15","-0.19","0.12","-1.43","-8.65","-2.18","False","-0.33","0.15","-0.03","0.04","0.02"
"SRR10900003","False","False","0.15","-1.32","0.46","-1.00","-1.29","-1.14","False","-0.95","0.15","-0.02","0.00","0.04"
"SRR2674135","False","False","0.15","0.79","0.51","0.51","0.29","0.60","False","0.28","0.15","0.03","0.05","-0.05"
"P66432_07A_Run1_S16_L002","False","False","0.15","-0.92","0.34","-0.62","0.30","-1.02","False","0.18","0.15","-0.02","0.02","0.03"
"EA.716ea00377","False","False","0.14","1.51","0.52","1.00","2.52","1.60","True","0.14","0.54","0.07","0.02","-0.02"
"P66282_06B_Run1_S17_L002","False","False","0.14","0.69","0.42","0.26","-0.64","0.28","False","-0.39","0.14","0.00","0.03","-0.01"
"SAM6dd7ad1d797d","False","False","0.14","1.26","0.21","1.10","3.57","-0.51","False","0.48","0.14","0.00","0.15","-0.12"
"SRR5088880","False","False","0.14","-0.57","0.13","-0.32","-1.05","0.43","False","-0.55","0.14","0.10","-0.04","-0.04"
"EA.f1853fd41b","False","False","0.14","-0.43","0.13","-0.51","-0.34","-1.20","False","-0.15","0.14","-0.03","0.09","-0.03"
"EA.315c5e432a","False","False","0.14","-1.41","0.70","-1.28","-2.28","-2.37","False","-1.18","0.14","0.01","0.00","0.00"
"P66282_11B_Run1_S16_L002","False","False","0.14","0.21","0.67","0.09","0.00","0.87","True","0.14","-0.52","-0.06","-0.03","0.01"
"SRR5088853","False","False","0.13","-1.22","0.65","-0.80","-0.24","-1.36","False","-1.04","0.13","0.02","-0.07","0.06"
"SAMbcb07ba81cee","False","False","0.13","1.13","0.33","0.27","-0.61","0.99","False","-0.61","0.13","0.04","-0.01","-0.01"
"EA595653","False","False","0.13","0.04","0.60","-0.03","1.03","0.71","True","0.13","-0.40","-0.05","0.03","-0.03"
"P66287_06H_Run1_S30_L002","False","False","0.13","0.11","0.76","0.27","-0.03","-0.67","False","-0.41","0.13","-0.01","0.02","0.01"
"EA.30103435d3","False","False","0.13","0.68","0.51","-0.45","1.04","-1.68","False","-0.57","0.13","0.12","-0.07","-0.03"
"ERR2498012","False","False","0.13","0.34","1.00","-0.03","-0.68","0.04","False","-1.31","0.13","0.09","-0.10","0.01"
"SAM5234688806a7","False","False","0.13","-0.97","0.66","-0.89","-1.50","-1.11","False","-0.54","0.13","0.06","-0.09","0.04"
"SRR10900008","False","False","0.13","0.85","0.71","0.41","0.81","-0.89","False","-0.36","0.13","0.05","-0.01","-0.03"
"SAMb470eb8f04be","False","False","0.13","-0.42","0.89","-0.08","-0.51","0.08","False","-0.52","0.13","0.04","-0.05","0.03"
"EA.0ed12cf5b1","False","False","0.13","-0.16","0.56","0.09","-0.45","0.44","True","0.13","0.27","0.07","-0.06","0.02"
"SRR10900565","False","False","0.13","-0.08","0.29","-0.22","-0.06","-0.17","False","0.03","0.13","0.03","-0.00","-0.01"
"SAM4edbe45817b3","False","False","0.13","2.16","0.85","1.12","1.97","-0.05","False","0.16","0.13","0.08","0.03","-0.09"
"SAM31d9176e11fb","False","False","0.13","1.63","0.71","0.77","1.23","0.23","False","0.19","0.13","0.11","-0.06","-0.03"
"EA595711","False","False","0.13","-0.61","0.52","-0.66","0.36","-0.99","False","-0.50","0.13","0.02","-0.00","-0.00"
"P66282_04E_Run1_S18_L002","False","False","0.13","0.41","0.56","0.27","-0.06","0.70","False","-0.17","0.13","-0.03","0.05","0.00"
"SAM572f19794c96","False","False","0.13","0.12","0.59","0.26","2.12","-0.05","False","-0.10","0.13","0.08","-0.02","-0.05"
"P66291_10G_Run1_S20_L002","False","False","0.13","-0.94","0.45","-0.28","-0.95","0.85","True","0.13","-0.16","-0.01","-0.04","0.02"
"P66282_03F_Run1_S12_L001","False","False","0.12","0.96","0.68","0.61","0.81","0.40","True","0.12","-0.66","-0.04","-0.06","-0.01"
"ERR2498005","False","False","0.12","1.81","0.48","1.27","3.07","1.74","True","0.12","-0.54","0.02","-0.05","-0.06"
"SAMbf1a3ae828e6","False","False","0.12","0.19","0.51","0.25","-0.34","0.29","True","0.12","0.68","-0.06","0.15","0.03"
"P66282_01H_Run1_S4_L001","False","False","0.12","-0.88","0.46","-1.04","0.34","-1.77","False","-0.41","0.12","0.03","-0.06","0.04"
"EA.df7ba5cd1d","False","False","0.12","1.84","0.55","0.71","0.17","-0.05","False","-0.34","0.12","0.08","-0.03","-0.04"
"EA647821","False","False","0.12","-2.16","0.62","-0.83","-0.62","-1.25","False","-0.75","0.12","-0.01","0.01","0.03"
"ERR2208942","False","False","0.12","-1.42","0.50","-0.72","-0.40","-1.36","False","-0.67","0.12","-0.00","0.07","-0.05"
"G138701_RCCBMS_00044_T_v1_RNA_OnPrem","False","False","0.12","-1.43","0.11","-0.55","-0.42","-1.59","False","0.39","0.12","0.00","0.01","0.01"
"EA.e3cfaf8036","False","False","0.12","-0.48","0.19","-0.81","-1.98","-0.57","False","-1.14","0.12","-0.00","0.02","-0.01"
"P66425_09F_Run1_S12_L001","False","False","0.12","-1.53","0.58","-0.87","-0.06","-1.65","False","-0.23","0.12","-0.02","0.00","0.03"
"EA.81d8c3e57b","False","False","0.11","1.06","0.48","0.97","1.75","0.75","True","0.11","-1.19","-0.00","-0.14","-0.06"
"ERR2208941","False","False","0.11","-0.05","0.31","0.02","-0.49","-0.56","False","0.97","0.11","-0.20","0.26","-0.02"
"P66287_09H_Run1_S14_L001","False","False","0.11","0.33","0.52","-0.24","0.32","-1.02","False","-0.88","0.11","0.00","0.01","0.00"
"SAMaec7380f9ab0","False","False","0.11","-0.62","0.43","-0.82","-0.84","-0.24","False","-1.02","0.11","0.09","-0.10","0.01"
"ERR2498024","False","False","0.11","-0.69","0.53","-0.16","-0.08","-0.80","False","0.10","0.11","0.06","-0.04","-0.01"
"RCC_102_T_SCR","False","False","0.11","-0.72","0.51","-0.03","-1.02","0.61","False","0.75","0.11","-0.01","-0.01","0.04"
"SRR10900576","False","False","0.11","2.34","0.49","1.07","-0.13","-0.37","False","0.50","0.11","-0.05","0.14","-0.06"
"P66511_09G_Run1_S31_L002","False","False","0.11","-2.66","0.23","-0.81","0.16","-1.37","False","0.24","0.11","-0.01","0.02","0.02"
"G138701_RCCBMS_00137_T_v1_RNA_OnPrem","False","False","0.11","-0.30","0.35","-0.42","-0.04","-0.75","False","-0.11","0.11","0.00","0.00","0.01"
"SRR8281218","False","False","0.10","-0.21","0.79","-0.73","-0.79","-0.34","False","0.20","0.10","0.02","-0.08","0.07"
"EA.e56c563f1c","False","False","0.10","0.43","0.34","0.29","2.54","0.81","False","0.07","0.10","0.08","-0.01","-0.05"
"EA.6adcfd9ee0","False","False","0.10","-1.27","0.53","-1.10","-0.04","0.46","False","-0.44","0.10","0.05","-0.03","-0.01"
"G138701_RCCBMS_00072_T_v1_RNA_OnPrem","False","False","0.10","3.18","0.83","1.82","-0.43","2.96","True","0.10","-1.38","-0.06","-0.13","-0.04"
"SAM3f2033c90438","False","False","0.10","0.08","0.25","0.07","-0.23","0.49","False","-0.30","0.10","0.03","0.00","-0.02"
"SAM468a9e1dc821","False","False","0.10","-2.11","0.62","-1.20","-2.20","-1.73","False","0.25","0.10","0.02","0.01","-0.01"
"EA639109","False","False","0.10","-0.09","0.83","0.28","0.24","1.20","True","0.10","-0.55","-0.00","-0.11","0.00"
"EA632813","False","False","0.10","-0.17","0.60","-0.15","2.75","-0.29","False","0.08","0.10","-0.01","0.03","0.00"
"SAM7a9093b9c7e9","False","False","0.09","-0.24","0.23","0.01","-0.96","0.91","False","0.02","0.09","-0.10","0.13","-0.00"
"P66451_02A_Run1_S20_L002","False","False","0.09","0.37","0.37","0.01","0.16","0.45","False","0.39","0.09","-0.01","0.03","0.01"
"P66287_07B_Run1_S2_L001","False","False","0.09","-0.61","0.50","-0.98","-0.41","-2.16","False","-0.74","0.09","0.00","-0.00","0.01"
"EA.abe406c1de","False","False","0.09","-0.89","0.43","-0.39","-0.23","0.05","False","0.67","0.09","-0.11","0.09","0.05"
"SAM5c139c5c1c4f","False","False","0.09","-0.27","0.64","-0.36","-0.60","-0.01","False","-0.63","0.09","0.04","-0.03","0.00"
"EA595624","False","False","0.09","-1.13","0.81","-0.67","0.03","-0.22","False","-0.45","0.09","-0.01","-0.02","0.04"
"P66282_04A_Run1_S14_L002","False","False","0.09","1.15","0.43","0.35","1.86","-1.07","False","-0.35","0.09","-0.01","0.03","-0.02"
"EA.d21fdecb18","False","False","0.09","1.42","0.66","1.01","0.84","0.13","False","0.64","0.09","0.02","0.02","-0.04"
"SAM2f228939632f","False","False","0.09","0.82","0.67","0.46","-0.22","-0.34","False","0.39","0.09","-0.03","0.07","-0.02"
"SAM87a8e18eb45b","False","False","0.08","-1.67","0.60","-1.15","-1.46","-1.85","False","-0.72","0.08","0.07","-0.14","0.07"
"EA.1890c17ed9","False","False","0.08","-2.21","0.33","-1.28","-1.82","-1.43","False","-0.61","0.08","0.03","-0.10","0.07"
"EA.52023a1477","False","False","0.08","-0.07","0.24","0.06","-0.57","-0.35","False","1.13","0.08","-0.11","0.16","-0.02"
"ERR2208912","False","False","0.08","0.82","0.79","0.03","-0.33","-0.17","False","-0.71","0.08","0.02","-0.08","0.05"
"SRR2770872","False","False","0.08","0.01","0.56","-0.47","-0.22","-0.24","False","-1.83","0.08","0.02","-0.05","0.03"
"EA.932778cee7","False","False","0.08","0.46","0.70","0.48","2.98","0.69","False","0.05","0.08","0.04","-0.04","0.01"
"SRR10841921","False","False","0.08","1.10","0.59","0.83","0.58","0.09","False","0.93","0.08","0.02","0.02","-0.03"
"ERR2208910","False","False","0.07","-0.62","0.29","0.06","-0.91","-0.07","False","0.93","0.07","0.01","0.03","-0.03"
"SAMda4d892fddc8","False","False","0.07","-0.38","0.49","0.14","0.09","0.01","False","0.87","0.07","-0.05","0.06","0.01"
"SRR10900016","False","False","0.07","-1.56","0.56","-0.92","0.62","-1.62","False","-0.83","0.07","0.07","-0.08","-0.00"
"EA.df3ea91b04","False","False","0.07","-0.10","0.27","0.47","1.25","0.31","False","1.20","0.07","-0.05","0.08","-0.00"
"P66425_06E_Run1_S28_L002","False","False","0.07","-1.33","0.36","-0.46","0.63","-1.29","False","0.43","0.07","-0.02","-0.01","0.04"
"EA595628","False","False","0.07","-0.10","0.23","-0.23","-0.82","0.78","False","0.15","0.07","-0.03","0.06","-0.00"
"G138701_RCCBMS_00065_T_v1_RNA_OnPrem","False","False","0.06","1.63","0.78","0.86","-0.02","1.39","True","0.06","-1.09","-0.06","-0.13","0.00"
"SRR5088924","False","False","0.06","2.19","0.20","1.22","0.86","1.45","True","0.06","1.27","0.09","0.15","-0.04"
"EA595455","False","False","0.06","-0.15","0.76","-0.67","-0.83","-0.88","False","-0.56","0.06","-0.00","-0.01","0.03"
"G109543_RCCBMS_00076_T2_v1_RNA_OnPrem","False","False","0.06","0.22","0.32","-0.23","-0.39","-1.50","False","-0.18","0.06","0.00","0.03","-0.01"
"P66291_07B_Run1_S17_L002","False","False","0.06","2.34","0.68","1.36","1.23","2.01","True","0.06","-0.52","-0.05","-0.01","-0.02"
"EA.47ad7d7e1b","False","False","0.06","-2.04","0.28","-1.34","-1.46","-2.44","False","-0.82","0.06","0.02","-0.06","0.05"
"SAM6964a6d7b967","False","False","0.06","-1.94","0.49","-1.45","-0.05","0.89","False","-0.58","0.06","0.09","-0.12","0.04"
"EA.49cb514d22","False","False","0.05","2.12","0.35","1.14","0.00","0.70","True","0.05","-0.59","-0.06","0.07","-0.09"
"P66287_03A_Run1_S9_L001","False","False","0.05","1.34","0.57","0.60","-0.60","0.88","False","0.20","0.05","0.02","-0.01","-0.00"
"SAM59b825252c0d","False","False","0.05","1.14","0.90","0.47","0.30","-0.08","False","-0.02","0.05","0.05","-0.03","-0.02"
"P66511_04B_Run1_S2_L001","False","False","0.05","0.20","0.16","0.17","-1.41","0.37","True","0.05","-0.33","-0.04","-0.02","0.01"
"SRR10900547","False","False","0.05","-0.04","0.25","-0.18","-0.27","-1.34","False","0.65","0.05","-0.01","0.05","-0.02"
"SRR2780275","False","False","0.05","-0.05","0.48","0.35","0.34","0.55","True","0.05","0.63","0.11","-0.01","-0.01"
"SRR10900546","False","False","0.05","-0.22","0.46","0.03","0.13","-0.72","False","0.19","0.05","-0.10","0.07","0.05"
"EA.73e5137802","False","False","0.05","1.07","0.78","0.83","2.47","-0.13","False","0.80","0.05","0.04","0.00","-0.02"
"G138701_RCCBMS_00097_T_v1_RNA_OnPrem","False","False","0.05","0.12","0.63","-0.06","-0.82","-0.10","False","0.04","0.05","-0.01","-0.02","0.03"
"P66425_09G_Run1_S13_L001","False","False","0.05","-0.92","0.41","-0.70","0.00","-1.18","False","0.46","0.05","-0.01","0.02","0.01"
"ERR2498029","False","False","0.05","-1.00","0.93","-0.36","-0.37","-0.71","False","0.54","0.05","-0.08","0.05","0.04"
"SAM76a431ba6ce1","False","False","0.05","0.36","0.33","0.20","-0.48","0.02","False","0.39","0.05","-0.07","0.16","-0.06"
"EA.c27c5a9e1a","False","False","0.04","0.47","0.68","-0.01","-1.17","0.40","False","-0.67","0.04","0.02","-0.08","0.05"
"RCC_106_T_SCR","False","False","0.04","-1.21","0.28","-0.40","-0.07","-0.29","False","0.29","0.04","-0.04","0.04","0.02"
"P66282_05F_Run1_S22_L002","False","False","0.04","-0.16","0.62","-0.41","-1.08","0.16","False","-0.21","0.04","-0.01","0.01","0.01"
"EA.9a4b749eaf","False","False","0.04","0.70","0.69","0.45","0.41","0.91","False","-0.16","0.04","0.01","0.02","-0.03"
"P66511_04H_Run1_S7_L001","False","False","0.04","-0.97","0.80","-0.67","-0.69","-1.04","False","-0.40","0.04","0.01","-0.02","0.02"
"SAM753d4bb52dbe","False","False","0.03","-0.40","0.53","-0.12","-1.19","0.29","True","0.03","0.82","0.01","0.07","0.05"
"P66287_09C_Run1_S12_L001","False","False","0.03","1.39","0.59","0.25","1.06","1.04","False","-0.75","0.03","0.02","-0.01","-0.00"
"RCC_18_T_SCR","False","False","0.03","-0.61","0.78","-0.78","-2.29","-0.60","False","-0.44","0.03","-0.02","-0.01","0.03"
"SRR10842347","False","False","0.03","-0.84","0.49","-0.95","-1.35","0.43","False","-1.65","0.03","0.07","-0.11","0.03"
"ERR2498019","False","False","0.03","0.57","0.91","0.52","-0.04","0.67","True","0.03","-1.03","-0.04","-0.13","0.00"
"SRR10900554","False","False","0.03","0.39","0.54","0.13","-0.15","0.06","False","0.13","0.03","-0.04","0.03","0.01"
"EA.567fa82c1b","False","False","0.03","-0.16","0.51","0.06","2.15","-0.52","False","-0.39","0.03","0.00","-0.02","0.00"
"EA.5ff9c1f087","False","False","0.03","0.13","0.67","0.20","-0.80","0.43","True","0.03","-0.56","0.05","-0.18","0.02"
"P66291_08G_Run1_S8_L001","False","False","0.03","0.87","0.80","0.47","0.33","1.14","False","-0.37","0.03","0.01","0.01","-0.01"
"EA.60df45b842","False","False","0.02","3.05","0.84","2.47","2.38","5.02","True","0.02","-0.69","-0.04","-0.02","-0.05"
"SRR10899982","False","False","0.02","0.18","0.65","0.19","-0.04","0.10","False","1.10","0.02","-0.05","0.06","0.00"
"EA.fa7acf78a5","False","False","0.02","0.60","0.56","0.21","0.76","-0.68","False","-0.97","0.02","0.06","-0.11","0.04"
"SAM2e9ac0b1b250","False","False","0.02","0.99","0.57","0.76","2.88","0.52","True","0.02","0.21","0.04","0.01","-0.03"
"P66432_06D_Run1_S11_L001","False","False","0.02","-1.55","0.23","-0.74","0.50","-2.93","False","0.21","0.02","-0.01","0.00","0.01"
"SRR3184297","False","False","0.01","0.34","0.20","0.65","-0.74","1.60","True","0.01","-0.16","0.02","-0.09","0.03"
"P66287_01A_Run1_S16_L002","False","False","0.01","1.73","0.49","0.70","1.14","0.84","True","0.01","-0.45","-0.06","-0.01","0.00"
"EA.d0f7fdc319","False","False","0.01","-0.94","0.59","-1.10","-1.35","-2.15","False","-0.94","0.01","0.04","-0.06","0.02"
"EA.e57470b246","False","False","0.01","0.86","0.52","0.82","2.11","0.21","False","0.81","0.01","-0.04","0.14","-0.08"
"SAMb8101c538753","False","False","0.01","1.34","0.55","1.00","3.09","0.61","True","0.01","0.21","0.05","0.06","-0.07"
"EA.7ef2c51240","False","False","0.01","0.06","0.32","0.01","2.08","0.33","False","0.44","0.01","-0.01","0.06","-0.05"
"SRR10899998","False","False","0.01","0.86","0.76","-0.06","-0.47","0.46","False","-1.29","0.01","0.07","-0.11","0.02"
"SAM7fb7a13c096b","False","False","0.01","-0.24","0.18","0.26","0.44","-0.28","False","1.51","0.01","-0.01","0.01","0.01"
"SAM2c9586161ce6","False","False","0.01","-1.69","0.83","-1.45","-1.41","-1.78","False","-1.53","0.01","0.08","-0.15","0.06"
"G138701_RCCBMS_00084_T_v1_RNA_OnPrem","False","False","0.01","0.06","0.50","0.26","0.54","0.61","False","0.31","0.01","-0.01","0.01","0.00"
"SAMbe83eae4026e","False","False","0.00","-0.69","0.82","-0.38","-0.23","-0.30","False","-0.35","0.00","0.03","-0.03","-0.02"
"P66282_10E_Run1_S12_L002","False","False","0.00","-2.66","0.90","-1.06","1.00","-2.49","False","-0.97","0.00","0.02","-0.04","0.02"
"SRR2771617","False","False","0.00","-0.31","0.36","0.15","-0.10","-0.24","False","0.71","0.00","-0.10","0.13","-0.01"
"EA.532141db56","False","False","0.00","-1.77","0.51","-1.27","-1.69","-1.17","False","-1.43","0.00","0.03","-0.12","0.07"
"EA.1f98fc9c45","False","True","-0.00","-0.21","0.03","-0.54","-1.12","-0.96","False","-0.54","-0.00","0.07","-0.07","-0.01"
"EA.1ac6c65020","False","True","-0.00","-1.04","0.73","-0.80","-1.15","-0.70","False","-0.64","-0.00","0.10","-0.17","0.05"
"P66425_10A_Run1_S13_L002","False","True","-0.00","1.32","0.76","1.52","2.22","2.41","True","-0.00","-0.40","0.04","-0.07","-0.04"
"EA.39668716ab","False","True","-0.01","-0.17","0.27","-0.38","-0.64","0.37","False","0.27","-0.01","0.02","0.01","-0.01"
"SAMbf91f27e7f9b","False","True","-0.01","1.26","0.56","0.70","-0.13","0.28","False","0.21","-0.01","-0.08","0.10","-0.01"
"EA.d9d7aa94b3","False","True","-0.01","0.05","0.14","-0.25","1.49","-0.49","False","-0.66","-0.01","0.02","-0.04","0.01"
"P66511_09B_Run1_S26_L002","False","True","-0.01","-1.22","0.26","0.20","0.94","-2.76","False","0.85","-0.01","-0.01","-0.01","0.02"
"EA.cc9a64d129","False","True","-0.01","0.79","0.28","0.24","-0.91","0.78","True","-0.01","-0.49","0.01","-0.07","-0.02"
"EA.dcc0a5b04b","False","True","-0.01","2.40","0.67","1.26","2.85","1.11","True","-0.01","-0.15","0.12","-0.08","-0.07"
"SAM4501e41e4751","False","True","-0.01","0.20","0.37","0.36","-0.67","0.57","False","0.42","-0.01","-0.01","0.04","-0.03"
"ERR2208930","False","True","-0.01","-1.30","0.87","-0.71","-0.68","-0.58","False","0.68","-0.01","-0.07","0.02","0.06"
"EA595668","False","True","-0.02","-1.94","0.27","-1.61","-1.00","-2.30","False","-1.06","-0.02","0.02","-0.07","0.04"
"EA.9303d74b08","False","True","-0.02","0.28","0.68","0.06","0.68","-0.54","False","-0.32","-0.02","0.01","-0.03","0.01"
"EA595654","False","True","-0.02","-0.85","0.47","-0.57","0.65","-0.92","False","-0.41","-0.02","-0.01","-0.00","0.01"
"gerald_H5NKVBBXX_5_CGCTCATT.ATAGAGGC","False","True","-0.02","2.22","0.66","0.99","0.97","0.68","True","-0.02","-0.95","-0.01","-0.14","-0.01"
"P66425_03F_Run1_S12_L001","False","True","-0.02","-2.25","0.23","-0.78","0.46","-1.51","False","0.38","-0.02","-0.01","-0.01","0.01"
"P66451_02B_Run1_S21_L002","False","True","-0.02","0.25","0.62","0.35","0.17","0.33","True","-0.02","0.35","0.00","0.06","0.00"
"SAM5b57e47fdcb3","False","True","-0.02","-0.08","0.47","-0.16","-1.13","0.20","False","-0.12","-0.02","0.04","-0.10","0.05"
"SRR2700736","False","True","-0.02","-0.22","0.54","-0.42","-1.22","-0.26","False","-0.38","-0.02","0.01","-0.05","0.03"
"EA.31308b91bb","False","True","-0.02","-1.43","0.57","-0.50","-0.41","0.38","False","0.62","-0.02","-0.08","0.07","0.01"
"G138701_RCCBMS_00057_T_v1_RNA_OnPrem","False","True","-0.03","-1.62","0.54","-0.46","-0.12","-0.01","False","-0.06","-0.03","-0.04","0.00","0.03"
"gerald_H5NKVBBXX_4_TCTCGCGC.ATAGAGGC","False","True","-0.03","-0.93","0.75","-0.56","-0.87","-0.33","False","-1.16","-0.03","0.09","-0.16","0.05"
"SRR5088913","False","True","-0.03","0.87","0.77","0.67","0.71","0.64","True","-0.03","-0.31","-0.03","-0.04","0.01"
"SRR10900578","False","True","-0.03","-0.64","0.77","-0.60","-0.94","-0.09","False","-1.31","-0.03","0.07","-0.12","0.04"
"P66425_08C_Run1_S5_L001","False","True","-0.03","-0.56","0.55","-0.38","-0.02","-0.51","False","0.34","-0.03","-0.02","-0.01","0.02"
"G138701_RCCBMS_00165_T_v1_RNA_OnPrem","False","True","-0.03","1.11","0.15","0.53","1.16","0.96","True","-0.03","-0.44","-0.05","-0.03","0.01"
"SAM415f36ad349e","False","True","-0.04","-0.55","0.13","-0.10","1.45","0.02","False","0.06","-0.04","-0.02","0.07","-0.05"
"P66432_02H_Run1_S27_L002","False","True","-0.04","2.15","0.80","0.78","0.45","1.65","True","-0.04","-0.63","-0.02","-0.09","-0.00"
"SAMf28c01545593","False","True","-0.04","-1.89","0.44","-1.39","-1.55","-1.44","False","-0.87","-0.04","0.05","-0.11","0.04"
"EA.2164c0f598","False","True","-0.04","0.12","0.16","0.56","-0.81","0.48","False","1.56","-0.04","-0.11","0.16","-0.04"
"SAM1bcc62d8290c","False","True","-0.05","-0.83","0.82","-0.50","0.21","0.57","False","-0.08","-0.05","0.07","-0.12","0.04"
"EA.77dfb45762","False","True","-0.05","-0.23","0.41","-0.23","-1.00","0.29","False","0.15","-0.05","-0.10","0.08","0.02"
"SAMa0ca029b7afd","False","True","-0.05","-0.18","0.53","-0.18","-0.75","-0.41","False","0.16","-0.05","-0.04","0.04","-0.01"
"EA.8bb25456df","False","True","-0.05","-0.33","0.33","-0.14","0.13","-0.89","False","0.42","-0.05","-0.08","0.09","-0.01"
"EA.eb9923dd6c","False","True","-0.05","1.86","0.37","0.83","0.71","1.13","True","-0.05","0.62","0.03","0.08","-0.02"
"ERR2498010","False","True","-0.06","-0.66","0.00","-0.92","0.03","-1.99","False","-0.08","-0.06","0.01","0.00","-0.00"
"EA632149","False","True","-0.06","-2.09","0.29","-1.06","-0.96","-1.19","False","0.18","-0.06","-0.01","-0.02","0.02"
"EA.6f17c727d0","False","True","-0.06","-1.86","0.61","-1.33","-1.46","-1.28","False","-0.27","-0.06","0.07","-0.13","0.04"
"G109543_RCCBMS_00007_T_v1_RNA_OnPrem","False","True","-0.06","-0.85","0.37","-0.57","0.59","-2.84","False","0.31","-0.06","-0.00","-0.02","0.01"
"SAMdf3e42c8672a","False","True","-0.06","0.72","0.57","0.35","0.95","0.56","True","-0.06","0.58","0.13","-0.03","-0.03"
"ERR2497994","False","True","-0.06","2.64","0.34","1.25","0.83","2.36","True","-0.06","-0.49","0.06","-0.13","-0.02"
"EA.deb1282668","False","True","-0.06","0.53","0.65","0.40","1.37","-0.22","False","0.57","-0.06","0.01","-0.01","-0.00"
"EA.68c8ed062d","False","True","-0.06","-0.99","0.56","-0.52","-1.17","-0.91","False","-0.33","-0.06","-0.01","0.01","-0.00"
"EA.0ecabf26ae","False","True","-0.07","1.41","0.55","0.69","0.34","0.35","True","-0.07","-1.07","-0.13","-0.03","0.00"
"SAM5767dd75d142","False","True","-0.07","0.92","0.52","0.30","0.22","-0.24","False","0.13","-0.07","0.05","-0.07","-0.00"
"EA595473","False","True","-0.07","-0.47","0.81","-0.09","-0.35","-0.01","False","0.25","-0.07","-0.04","0.01","0.02"
"G109543_RCCBMS_00196_T_v1_RNA_OnPrem","False","True","-0.07","0.39","0.66","0.02","0.35","0.63","True","-0.07","-0.12","-0.02","-0.01","0.01"
"P66291_11F_Run1_S24_L002","False","True","-0.07","-0.30","0.57","-0.42","1.07","-0.67","False","-0.27","-0.07","-0.01","-0.01","0.01"
"EA.6225726ad5","False","True","-0.07","-0.80","0.69","-0.49","0.78","-0.73","False","-0.38","-0.07","0.05","-0.08","0.02"
"EA.224340ddca","False","True","-0.08","0.21","0.83","-0.45","-0.11","-0.49","False","-0.38","-0.08","0.04","-0.08","0.02"
"P66507_10D_Run1_S4_L001","False","True","-0.08","-0.69","0.54","-0.13","0.35","0.18","False","0.46","-0.08","-0.02","0.00","0.00"
"SAM3779e979db6b","False","True","-0.08","-1.02","0.54","-0.22","0.18","-0.21","False","0.88","-0.08","-0.09","0.09","0.01"
"RCC_115_T_SCR","False","True","-0.09","-0.60","0.17","-0.42","-0.77","-0.27","False","-0.00","-0.09","-0.02","-0.01","0.02"
"SAM63b2189c36d7","False","True","-0.09","-2.16","0.62","-1.21","-1.59","-1.64","False","-0.80","-0.09","0.02","-0.13","0.08"
"P66432_03C_Run1_S30_L002","False","True","-0.09","-0.29","0.47","-0.36","1.02","-0.75","False","0.18","-0.09","-0.03","0.00","0.01"
"SRR8281220","False","True","-0.09","1.35","0.48","0.00","0.24","-0.68","False","0.96","-0.09","0.04","-0.01","-0.05"
"EA647829","False","True","-0.09","1.13","0.58","0.33","-0.18","0.25","False","-0.08","-0.09","-0.01","0.00","-0.00"
"EA.4cb471e9c9","False","True","-0.10","-0.31","0.16","-0.22","-0.60","-0.24","False","-0.15","-0.10","-0.07","0.07","-0.00"
"EA.b6c75e5e91","False","True","-0.10","1.21","0.55","0.54","-0.58","-0.01","False","-0.42","-0.10","0.03","-0.02","-0.03"
"SAM45c8e6412c66","False","True","-0.10","2.45","0.51","1.21","2.14","1.12","True","-0.10","0.02","0.11","-0.01","-0.10"
"SRR10841996","False","True","-0.10","0.93","0.61","0.38","1.25","0.21","False","-0.99","-0.10","0.02","-0.01","-0.02"
"SAM3b15b4c6311d","False","True","-0.10","3.03","0.82","1.39","2.45","0.95","True","-0.10","0.41","0.13","-0.01","-0.08"
"EA.11007fabbf","False","True","-0.10","0.28","0.28","0.50","-0.19","1.33","True","-0.10","0.62","0.07","0.03","-0.01"
"ERR2497992","False","True","-0.11","3.61","0.99","1.87","2.66","2.14","True","-0.11","-0.33","0.06","-0.06","-0.07"
"SAM0ce9c983b20f","False","True","-0.11","0.37","0.53","0.50","0.97","-0.22","False","0.87","-0.11","-0.04","0.06","-0.02"
"EA.dd8d38f9e3","False","True","-0.11","-1.70","0.29","-1.26","-2.10","-1.54","False","-0.75","-0.11","-0.00","-0.05","0.03"
"SAMd86389d0d768","False","True","-0.11","-1.68","0.74","-1.41","-2.14","-1.41","False","-0.80","-0.11","-0.01","-0.08","0.07"
"EA595565","False","True","-0.11","-0.91","0.60","-0.76","-0.98","-1.61","False","-0.11","-0.11","-0.01","-0.04","0.03"
"P66432_02B_Run1_S21_L002","False","True","-0.11","-1.98","0.34","-1.13","-0.82","-2.08","False","-0.22","-0.11","0.01","-0.05","0.02"
"EA.3ff3c4dea1","False","True","-0.11","1.40","0.58","1.02","2.47","0.20","False","0.75","-0.11","0.03","-0.03","-0.02"
"SRR3184296","False","True","-0.12","1.36","0.54","0.49","0.13","1.02","True","-0.12","-0.49","-0.06","0.03","-0.05"
"SRR10900019","False","True","-0.12","-0.07","0.62","0.26","0.40","-0.25","False","1.12","-0.12","-0.08","0.05","0.03"
"P66511_02H_Run1_S26_L002","False","True","-0.12","0.88","0.34","0.40","-0.07","-0.08","False","0.28","-0.12","-0.02","0.00","0.01"
"P66432_08G_Run1_S26_L002","False","True","-0.12","-0.26","0.65","-0.26","1.97","-0.01","False","-0.02","-0.12","-0.00","-0.02","0.01"
"EA.94bba3f5b7","False","True","-0.13","3.91","0.68","2.16","2.56","3.27","True","-0.13","-0.94","-0.07","0.02","-0.09"
"EA.4b20637c67","False","True","-0.13","0.88","0.77","0.66","-0.16","2.34","True","-0.13","-1.55","-0.12","-0.11","-0.00"
"EA.44204122b7","False","True","-0.13","0.77","0.77","0.25","2.19","-1.59","False","-0.52","-0.13","0.04","-0.04","-0.03"
"P66507_01E_Run1_S19_L002","False","True","-0.13","-1.00","0.91","-0.97","-0.14","-2.98","False","-0.65","-0.13","-0.02","-0.00","0.00"
"SAM59f392864f5d","False","True","-0.14","1.27","0.73","0.58","-0.27","1.02","True","-0.14","0.19","-0.03","0.10","-0.04"
"SRR3083781","False","True","-0.14","0.21","0.50","0.20","0.51","0.35","False","-0.21","-0.14","0.03","0.01","-0.06"
"EA.f5291d36c9","False","True","-0.14","-0.41","0.36","-0.00","0.22","0.38","False","-0.03","-0.14","-0.10","0.08","0.01"
"SAM3785587846ce","False","True","-0.15","-1.37","0.66","-0.86","-1.57","-1.21","False","-0.72","-0.15","0.05","-0.15","0.06"
"SAMcee0fa8c05b4","False","True","-0.15","0.55","0.74","0.11","-0.48","0.12","False","-0.53","-0.15","0.01","-0.08","0.04"
"EA.a8a7dbd40e","False","True","-0.15","-0.50","0.74","-0.03","-0.46","-0.53","False","0.67","-0.15","-0.01","-0.02","0.02"
"G138701_RCCBMS_00178_T_v1_RNA_OnPrem","False","True","-0.15","-0.78","0.75","-0.47","-1.01","-1.54","False","0.10","-0.15","-0.01","-0.02","0.01"
"SAM36851bc8b9ae","False","True","-0.15","-0.75","0.24","-0.18","-0.93","0.74","False","0.34","-0.15","0.04","-0.11","0.04"
"SAM39eb94fa504d","False","True","-0.16","0.31","0.73","0.16","-0.84","0.19","False","0.14","-0.16","-0.03","-0.01","0.01"
"EA632753","False","True","-0.16","0.24","0.34","0.20","-0.60","1.04","False","0.15","-0.16","-0.01","-0.04","0.02"
"P66425_01A_Run1_S1_L001","False","True","-0.16","-0.27","0.73","-0.20","0.23","-1.11","False","-0.11","-0.16","-0.02","-0.02","0.01"
"ERR2498021","False","True","-0.16","0.28","0.42","-0.18","0.07","-0.73","False","-0.20","-0.16","0.02","0.00","-0.04"
"ERR2208972","False","True","-0.16","1.28","0.54","0.47","0.56","0.31","False","-0.64","-0.16","0.09","-0.09","-0.04"
"P66291_01H_Run1_S5_L001","False","True","-0.16","-0.71","0.40","-0.74","0.80","-0.19","False","0.06","-0.16","-0.02","-0.02","0.02"
"SAM5e3bae090b8c","False","True","-0.16","0.68","0.27","-0.04","-0.92","-0.86","False","-0.56","-0.16","0.02","0.01","-0.05"
"SAMb8070b7937e7","False","True","-0.16","-1.10","0.46","-0.83","-0.71","-1.39","False","-0.51","-0.16","-0.07","-0.03","0.07"
"P66511_10H_Run1_S5_L001","False","True","-0.16","1.74","0.43","1.32","-0.41","2.08","False","0.69","-0.16","0.02","-0.05","-0.01"
"EA.217d735251","False","True","-0.16","1.11","0.20","0.55","0.63","-0.16","False","1.24","-0.16","-0.03","0.03","-0.02"
"EA.a18e0439db","False","True","-0.16","-1.85","0.20","-1.40","-1.64","-1.25","False","-0.24","-0.16","-0.01","-0.05","0.03"
"EA639156","False","True","-0.17","-0.78","0.37","-0.62","0.01","-1.55","False","0.34","-0.17","-0.03","-0.03","0.03"
"SAMc1251c7bfee2","False","True","-0.17","0.56","0.91","-0.07","0.44","-0.71","False","-0.85","-0.17","0.07","-0.08","-0.03"
"EA.95b472a9cb","False","True","-0.17","2.19","0.86","0.99","2.06","0.47","True","-0.17","-0.69","0.05","-0.06","-0.09"
"SAM7aa01fc49a80","False","True","-0.17","0.13","0.19","0.46","0.45","0.63","False","0.96","-0.17","-0.09","0.11","-0.04"
"P66282_08A_Run1_S5_L001","False","True","-0.17","-0.90","0.63","0.21","0.36","2.57","False","-0.30","-0.17","-0.06","0.01","0.02"
"EA.a1914c717d","False","True","-0.17","0.51","0.34","0.03","0.30","-0.02","False","-0.27","-0.17","0.09","-0.14","0.00"
"P66507_07G_Run1_S17_L002","False","True","-0.17","-1.78","0.44","-0.48","-0.32","-0.14","False","0.89","-0.17","-0.01","-0.01","0.00"
"gerald_H5NKVBBXX_5_ATTACTCG.ATAGAGGC","False","True","-0.17","-0.81","0.73","-0.38","0.54","-0.45","False","-0.10","-0.17","0.03","-0.08","0.03"
"P66432_04D_Run1_S2_L001","False","True","-0.17","-2.03","0.30","-1.11","0.35","-3.94","False","-0.44","-0.17","-0.01","-0.06","0.03"
"EA.77cd760c62","False","True","-0.18","1.40","0.40","0.93","0.41","0.94","False","0.73","-0.18","-0.12","0.16","-0.04"
"P66511_05F_Run1_S12_L001","False","True","-0.18","0.85","0.65","0.69","0.81","1.08","False","0.37","-0.18","-0.02","0.00","-0.00"
"EA.c75f3b0201","False","True","-0.18","0.53","0.64","0.15","0.30","0.74","False","-0.27","-0.18","-0.11","0.09","0.01"
"SAMba7176afe070","False","True","-0.18","-1.97","0.79","-1.29","-0.88","-1.18","False","-0.78","-0.18","0.02","-0.12","0.05"
"EA632802","False","True","-0.19","0.43","0.57","0.47","-0.33","1.20","False","0.29","-0.19","-0.02","-0.01","0.01"
"P66425_08F_Run1_S7_L001","False","True","-0.19","0.95","0.80","0.49","-0.35","0.68","True","-0.19","-0.55","-0.04","-0.08","0.02"
"EA.86bd5c9b5f","False","True","-0.19","0.18","0.69","-0.32","-0.56","0.21","False","-0.71","-0.19","0.02","-0.12","0.05"
"G138701_RCCBMS_00141_T_v1_RNA_OnPrem","False","True","-0.19","-0.39","0.86","-0.09","2.21","-0.76","False","-0.23","-0.19","-0.03","0.01","-0.01"
"SRR10899991","False","True","-0.19","-0.17","0.57","0.06","-0.05","0.50","True","-0.19","-0.05","-0.02","0.02","-0.00"
"EA632688","False","True","-0.19","-0.67","0.62","-0.62","-0.24","-1.97","False","-0.36","-0.19","-0.02","-0.02","0.01"
"SRR10900586","False","True","-0.19","1.72","0.56","0.84","2.57","0.42","True","-0.19","-0.28","0.05","-0.09","-0.02"
"EA.4777220b55","False","True","-0.19","-0.99","0.69","-0.91","-1.39","-2.01","False","-0.60","-0.19","-0.01","-0.06","0.03"
"ERR2498003","False","True","-0.19","-0.32","0.02","0.06","1.02","0.02","False","-0.02","-0.19","-0.00","0.02","-0.04"
"P66432_01D_Run1_S17_L002","False","True","-0.19","0.72","0.66","0.71","1.15","1.48","True","-0.19","0.01","-0.00","-0.01","0.01"
"SRR10842367","False","True","-0.20","-0.31","0.33","0.40","0.04","-0.06","False","1.37","-0.20","-0.18","0.19","-0.02"
"SAM0d855cff64e6","False","True","-0.20","-0.15","0.98","-0.71","-0.42","-1.21","False","-1.28","-0.20","0.08","-0.11","-0.01"
"P66287_08B_Run1_S7_L001","False","True","-0.20","0.04","0.55","-0.33","-1.50","-0.69","False","-0.09","-0.20","-0.01","-0.05","0.03"
"SAM3f446449bf81","False","True","-0.20","1.61","0.61","0.61","0.53","0.64","False","-0.22","-0.20","0.04","-0.07","0.00"
"EA.a79391253b","False","True","-0.20","-0.56","0.47","0.14","-0.66","0.39","False","1.09","-0.20","-0.10","0.10","-0.02"
"SRR10900550","False","True","-0.20","-1.59","0.43","-0.50","-0.82","-1.36","False","-0.05","-0.20","-0.02","-0.03","0.02"
"SAM8533e5e261d6","False","True","-0.20","-1.63","0.45","-1.14","-1.33","-1.11","False","-0.83","-0.20","0.05","-0.10","0.02"
"SRR5088920","False","True","-0.20","-0.34","0.42","-0.60","-0.98","-0.97","False","-1.18","-0.20","0.03","-0.05","-0.02"
"SAMd3601288319e","False","True","-0.20","1.98","0.83","0.93","0.73","0.92","True","-0.20","-0.74","-0.05","-0.07","0.00"
"ERR2208921","False","True","-0.20","2.91","0.86","1.42","3.84","2.32","True","-0.20","-0.76","-0.02","-0.05","-0.05"
"SAM1abf01dd4544","False","True","-0.20","-0.37","0.33","0.10","0.38","0.20","False","0.17","-0.20","0.00","-0.02","-0.02"
"P66425_03D_Run1_S11_L001","False","True","-0.21","0.72","0.53","0.31","-0.81","0.41","False","0.35","-0.21","-0.02","-0.01","0.00"
"EA632744","False","True","-0.22","-0.24","0.44","-0.08","-0.56","0.25","False","-0.13","-0.22","-0.01","-0.04","0.00"
"P66425_11E_Run1_S12_L001","False","True","-0.22","-1.14","0.13","-0.90","2.21","-1.68","False","0.29","-0.22","-0.03","-0.02","0.01"
"G138701_RCCBMS_00047_T_v1_RNA_OnPrem","False","True","-0.22","0.46","0.55","-0.03","-2.12","1.06","True","-0.22","-0.55","-0.06","-0.03","-0.00"
"SAM1fa6bcb7fc48","False","True","-0.22","1.26","0.75","0.33","0.22","-0.18","False","-0.43","-0.22","0.03","-0.11","0.03"
"SAMe712352fb82a","False","True","-0.22","-0.82","0.63","-0.83","-0.93","-0.51","False","-1.35","-0.22","0.04","-0.13","0.04"
"EA.e673af5463","False","True","-0.22","1.15","0.67","0.92","0.20","1.70","True","-0.22","-0.07","0.07","-0.01","-0.08"
"SAMb0a83e5fbde9","False","True","-0.22","-1.08","0.66","-0.43","-0.37","-0.65","False","-0.11","-0.22","-0.02","-0.07","0.05"
"P66507_12B_Run1_S13_L001","False","True","-0.23","0.33","0.39","0.10","0.15","-0.15","False","0.14","-0.23","-0.02","-0.01","0.00"
"SAM9aa6a095a9d6","False","True","-0.23","-0.35","0.34","0.05","-0.05","0.01","False","0.09","-0.23","-0.04","0.00","0.01"
"EA639107","False","True","-0.23","1.33","0.63","0.43","-0.24","-0.67","False","0.16","-0.23","-0.01","-0.01","-0.01"
"P66451_08G_Run1_S25_L002","False","True","-0.23","-0.19","0.40","0.12","-0.75","0.12","False","0.48","-0.23","-0.02","-0.01","-0.01"
"SAM7f0d9cc7f001","False","True","-0.23","-0.64","0.36","0.29","0.41","0.50","False","0.85","-0.23","-0.09","0.08","-0.01"
"EA.a0f3275d25","False","True","-0.23","-0.91","0.28","-0.31","-1.82","0.45","False","-0.58","-0.23","0.01","-0.07","0.01"
"EA639120","False","True","-0.23","-0.34","0.29","-0.06","-0.40","-0.47","False","0.66","-0.23","-0.03","-0.01","0.01"
"SAM5fe7a81a39dd","False","True","-0.23","1.27","0.64","0.62","0.88","1.29","True","-0.23","-0.62","-0.01","-0.08","-0.01"
"SRR3184291","False","True","-0.23","0.36","0.68","0.08","-0.89","0.39","False","-1.02","-0.23","0.02","-0.09","0.02"
"SAMab8052a03398","False","True","-0.23","0.56","0.39","0.54","0.66","-0.78","False","0.90","-0.23","-0.12","0.14","-0.04"
"SAM17c45bf16bb6","False","True","-0.23","-1.89","0.77","-1.34","-0.94","-1.03","False","-0.72","-0.23","0.07","-0.14","0.02"
"P66511_07H_Run1_S19_L002","False","True","-0.24","-1.44","0.67","-0.56","-0.66","-0.91","False","-0.18","-0.24","-0.02","-0.04","0.01"
"SAM2dc578e0165f","False","True","-0.24","0.12","0.46","0.02","2.67","-0.96","False","-0.68","-0.24","0.06","-0.08","-0.02"
"EA.cf2adecb02","False","True","-0.24","-2.41","0.55","-1.06","-1.23","-0.48","False","0.33","-0.24","-0.02","-0.04","0.03"
"EA.11521178c5","False","True","-0.24","0.05","0.43","0.11","-0.26","-0.30","False","0.89","-0.24","-0.10","0.06","0.01"
"SAMbfdffb97c446","False","True","-0.25","1.09","0.57","0.69","2.09","0.85","True","-0.25","0.36","0.04","0.07","-0.06"
"EA.cc1e8129af","False","True","-0.25","0.95","0.36","0.71","1.32","0.03","False","1.05","-0.25","-0.00","0.03","-0.07"
"P66282_02E_Run1_S6_L001","False","True","-0.25","0.83","0.77","0.18","-0.24","1.30","True","-0.25","-0.49","-0.02","-0.08","0.01"
"P66507_02B_Run1_S23_L002","False","True","-0.25","0.64","0.22","-0.72","-0.41","-1.78","False","0.23","-0.25","-0.03","-0.02","0.01"
"P66432_07D_Run1_S19_L002","False","True","-0.25","-1.22","0.75","-0.71","-0.27","-0.31","False","-0.25","-0.25","-0.01","-0.05","0.02"
"SRR5088926","False","True","-0.25","0.84","0.36","0.42","-1.02","0.72","True","-0.25","0.97","0.07","0.08","0.00"
"SAMff41c4e8c08f","False","True","-0.25","-0.98","0.51","-0.21","-1.02","-0.19","False","0.35","-0.25","-0.13","0.05","0.06"
"P66291_02E_Run1_S7_L001","False","True","-0.25","0.36","0.76","-0.09","-0.95","0.53","False","-0.59","-0.25","-0.02","-0.04","0.01"
"P66511_06G_Run1_S16_L001","False","True","-0.26","-0.67","0.34","-0.27","0.68","-0.41","False","0.21","-0.26","-0.01","-0.05","0.02"
"ERR2498018","False","True","-0.26","-1.57","0.90","-0.81","-1.11","-0.28","False","-0.11","-0.26","-0.06","-0.04","0.06"
"SAM18be5b395318","False","True","-0.26","0.41","0.61","-0.34","-0.01","0.14","False","-1.80","-0.26","0.02","-0.05","-0.01"
"ERR2208935","False","True","-0.26","-1.69","0.54","-0.56","-0.93","-0.84","False","0.62","-0.26","-0.05","-0.03","0.05"
"SAM9410b866974a","False","True","-0.26","0.34","0.48","0.27","-0.29","-0.12","False","0.50","-0.26","-0.06","0.08","-0.05"
"SAM2b672f4336c7","False","True","-0.27","-0.88","0.61","-0.42","-0.78","-0.26","False","0.17","-0.27","-0.04","-0.04","0.04"
"P66282_11E_Run1_S19_L002","False","True","-0.27","-1.64","0.60","-0.19","-0.73","0.83","False","0.04","-0.27","-0.02","-0.03","0.01"
"EA.b9b3644a3f","False","True","-0.27","1.00","0.35","0.63","-0.13","0.04","False","0.70","-0.27","-0.09","0.05","0.00"
"EA.57d98a2d57","False","True","-0.27","0.40","0.30","0.20","0.16","-0.14","False","0.67","-0.27","0.05","-0.01","-0.07"
"EA.70b3d70538","False","True","-0.27","-1.87","0.84","-1.18","0.11","-2.60","False","-0.73","-0.27","0.06","-0.08","-0.03"
"SAM1e9c4d1d39ae","False","True","-0.28","0.98","0.54","0.31","-0.01","-0.16","False","-0.56","-0.28","0.09","-0.12","-0.02"
"ERR2208962","False","True","-0.28","0.62","0.78","0.49","0.73","0.85","True","-0.28","-0.39","-0.01","-0.03","-0.02"
"P66451_01E_Run1_S17_L002","False","True","-0.28","0.41","0.93","0.24","0.47","-0.05","False","-0.20","-0.28","-0.01","-0.06","0.02"
"SAM9448d858692c","False","True","-0.28","2.12","0.41","0.65","1.03","0.29","False","-0.52","-0.28","-0.05","0.07","-0.06"
"P66451_07A_Run1_S15_L002","False","True","-0.28","-0.52","0.63","-0.26","-1.08","-0.04","False","-0.39","-0.28","-0.04","0.00","-0.00"
"P66507_04A_Run1_S1_L001","False","True","-0.28","-1.38","0.46","-1.17","-1.60","-1.60","False","-0.58","-0.28","-0.02","-0.05","0.02"
"G138701_RCCBMS_00035_T_v1_RNA_OnPrem","False","True","-0.28","-2.24","0.29","-1.37","-4.77","-1.23","False","0.29","-0.28","-0.04","0.01","0.00"
"SAM58e7832f4e7d","False","True","-0.28","-2.88","0.24","-1.77","-2.05","-2.13","False","-0.03","-0.28","-0.01","-0.11","0.07"
"SRR10899987","False","True","-0.28","0.90","0.73","0.86","1.29","0.96","False","1.13","-0.28","-0.11","0.04","0.04"
"P66432_02C_Run1_S22_L002","False","True","-0.29","1.23","0.53","0.40","0.75","0.59","False","0.09","-0.29","-0.02","-0.03","0.00"
"SAM9b9d48b0b02c","False","True","-0.29","0.05","0.73","-0.33","-0.48","0.44","False","-0.77","-0.29","0.09","-0.16","0.02"
"P66282_09A_Run1_S8_L001","False","True","-0.29","1.13","0.84","0.24","0.39","0.98","False","-0.51","-0.29","-0.02","-0.06","0.02"
"P66287_04G_Run1_S20_L002","False","True","-0.29","1.21","0.70","0.32","0.53","1.15","False","-0.03","-0.29","-0.02","-0.01","-0.01"
"EA.dee3abb161","False","True","-0.29","-1.45","0.51","-0.34","0.12","-0.15","False","0.25","-0.29","-0.04","-0.04","0.03"
"SRR5088908","False","True","-0.29","-0.85","0.49","-0.51","-0.95","-0.63","False","-0.01","-0.29","0.02","-0.06","-0.00"
"SAM9d2494119c05","False","True","-0.29","-1.84","0.28","-1.30","-1.99","-1.51","False","-0.35","-0.29","0.00","-0.07","0.02"
"P66291_09H_Run1_S15_L001","False","True","-0.29","0.13","0.54","-0.08","1.02","0.46","False","0.20","-0.29","-0.03","-0.01","-0.00"
"SAM18bc1078bc15","False","True","-0.29","0.56","0.80","0.36","0.09","0.39","False","-0.26","-0.29","0.00","-0.07","0.01"
"P66432_08C_Run1_S24_L002","False","True","-0.29","-0.72","0.74","-0.58","0.82","-0.27","False","-0.49","-0.29","0.01","-0.07","0.00"
"P66451_04F_Run1_S6_L001","False","True","-0.29","-0.20","0.72","-0.26","0.09","-1.91","False","-0.59","-0.29","-0.02","-0.06","0.02"
"P66282_11A_Run1_S15_L002","False","True","-0.29","-0.59","0.73","-0.43","0.08","-1.24","False","-0.03","-0.29","-0.01","-0.05","0.01"
"SRR10842365","False","True","-0.30","1.39","0.68","0.56","0.64","0.98","False","0.37","-0.30","-0.03","0.00","-0.02"
"SRR5088822","False","True","-0.30","0.46","0.48","0.23","0.37","0.19","False","-0.66","-0.30","-0.04","-0.00","0.00"
"SAMc0ef41aa6c8b","False","True","-0.30","-2.19","0.31","-1.28","-1.55","0.17","False","-0.02","-0.30","-0.03","-0.06","0.05"
"SAM80c6183220e6","False","True","-0.30","1.77","0.60","1.08","1.63","0.41","False","0.58","-0.30","0.03","-0.01","-0.06"
"SRR3184298","False","True","-0.30","2.08","0.78","1.02","0.75","0.66","True","-0.30","-0.45","0.00","-0.02","-0.05"
"EA.b540ea9c21","False","True","-0.30","1.17","0.38","0.80","0.70","-0.09","False","0.35","-0.30","-0.12","0.11","-0.03"
"P66287_04E_Run1_S19_L002","False","True","-0.30","0.61","0.28","0.82","1.49","1.08","False","0.72","-0.30","-0.02","-0.03","-0.00"
"EA.787a08fd0d","False","True","-0.30","0.13","0.42","0.14","-0.68","0.80","False","0.91","-0.30","-0.08","0.06","-0.01"
"P66432_11D_Run1_S8_L001","False","True","-0.30","1.12","0.41","0.25","0.51","1.59","True","-0.30","0.25","-0.01","0.04","0.02"
"RCC_93_T_SCR","False","True","-0.30","1.56","0.29","0.99","0.40","0.90","False","0.28","-0.30","-0.05","0.03","-0.02"
"P66291_07D_Run1_S2_L001","False","True","-0.31","0.43","0.84","0.29","0.97","0.45","False","-0.79","-0.31","-0.01","-0.07","0.02"
"EA639069","False","True","-0.31","0.50","0.40","-0.15","-0.40","-0.44","False","0.09","-0.31","-0.02","-0.01","-0.01"
"EA.8b682741ca","False","True","-0.31","-2.01","0.23","-1.25","-2.24","-1.84","False","0.10","-0.31","-0.05","0.00","0.02"
"SAM6d2ae0c39b96","False","True","-0.31","-0.03","0.78","-0.36","-1.04","-0.77","False","-0.26","-0.31","0.04","-0.17","0.06"
"SAMe7e4f7c076a7","False","True","-0.31","2.53","0.55","1.19","2.80","0.28","False","0.95","-0.31","-0.00","0.10","-0.13"
"P66282_07F_Run1_S2_L001","False","True","-0.32","-0.40","0.85","-0.49","-0.15","0.21","False","-0.78","-0.32","-0.02","-0.05","0.01"
"EA.521ff3b701","False","True","-0.32","-1.66","0.81","-0.71","-1.14","-1.14","False","0.14","-0.32","-0.03","-0.04","0.02"
"SRR10900001","False","True","-0.32","-0.11","0.45","-0.55","-0.20","-0.37","False","-0.90","-0.32","-0.01","-0.08","0.04"
"P66425_10G_Run1_S14_L001","False","True","-0.32","0.18","0.36","0.18","0.39","0.01","False","-0.00","-0.32","-0.02","-0.05","0.01"
"SAMae4da274eded","False","True","-0.32","0.04","0.64","0.43","-0.47","-0.84","False","0.96","-0.32","0.00","-0.11","0.04"
"EA.e56286db78","False","True","-0.32","-0.98","0.49","-0.71","-2.15","-0.76","False","-0.78","-0.32","0.02","-0.14","0.06"
"SAM5a2347c0498a","False","True","-0.32","-0.89","0.76","-0.90","-1.67","-1.62","False","-1.03","-0.32","0.05","-0.18","0.07"
"EA647824","False","True","-0.32","-1.62","0.45","-0.79","-0.60","-1.79","False","0.04","-0.32","-0.04","-0.03","0.01"
"SRR8281229","False","True","-0.32","-2.16","0.71","-1.50","-1.04","-1.35","False","-0.83","-0.32","0.02","-0.17","0.09"
"EA.6516270f69","False","True","-0.33","-0.04","0.41","0.44","-0.57","0.88","False","1.59","-0.33","-0.12","0.11","-0.01"
"EA647820","False","True","-0.33","-0.15","0.46","-0.36","-0.29","-0.24","False","-0.37","-0.33","-0.01","-0.06","0.01"
"EA.8e9b5dd23f","False","True","-0.33","-0.95","0.16","-0.15","-0.03","1.84","False","0.48","-0.33","-0.07","0.09","-0.06"
"P66425_02B_Run1_S4_L001","False","True","-0.33","0.50","0.64","-0.07","-0.90","-0.45","False","0.20","-0.33","-0.03","-0.03","0.01"
"SRR10899992","False","True","-0.33","1.12","0.30","1.05","0.31","0.33","False","1.21","-0.33","-0.01","-0.01","-0.03"
"SAMd697ba701077","False","True","-0.33","0.75","0.73","0.49","0.23","-0.34","False","1.01","-0.33","-0.03","-0.06","0.03"
"SRR10899985","False","True","-0.33","1.09","0.66","0.81","0.39","1.43","True","-0.33","-0.36","-0.01","-0.00","-0.05"
"EA.7e4befce54","False","True","-0.34","-0.08","0.15","-0.29","1.34","-0.82","False","-0.28","-0.34","-0.06","0.05","-0.04"
"P66282_01B_Run1_S1_L001","False","True","-0.34","-0.38","0.64","-0.24","0.17","0.25","False","0.36","-0.34","-0.05","-0.01","0.01"
"P66282_12A_Run1_S22_L002","False","True","-0.34","1.48","0.80","0.39","-0.30","0.89","False","-0.43","-0.34","-0.03","-0.04","0.01"
"EA.b750208dd2","False","True","-0.35","1.41","0.32","0.44","1.69","0.40","True","-0.35","0.89","0.18","-0.03","-0.02"
"EA.c6bdaef5aa","False","True","-0.35","2.73","0.87","1.29","1.93","0.91","True","-0.35","0.18","0.08","0.04","-0.09"
"SAM2de7cffb5f72","False","True","-0.35","-0.13","0.58","0.38","1.21","-0.40","False","0.34","-0.35","0.05","-0.10","-0.02"
"EA639112","False","True","-0.35","1.17","0.51","0.78","1.79","-0.11","False","0.76","-0.35","-0.04","0.00","-0.01"
"EA.756f4394a0","False","True","-0.35","0.86","0.81","0.22","0.69","0.84","False","-1.23","-0.35","0.06","-0.15","0.02"
"P66451_04A_Run1_S2_L001","False","True","-0.35","0.67","0.19","0.18","-0.55","0.18","False","-0.05","-0.35","-0.04","-0.03","0.01"
"EA.59aa67b29e","False","True","-0.35","-1.26","0.54","-1.01","-1.75","-0.73","False","-0.62","-0.35","0.08","-0.16","0.02"
"EA.5fc3b78621","False","True","-0.36","0.87","0.29","-0.06","0.03","0.42","False","-0.46","-0.36","0.02","-0.06","-0.02"
"SRR10842378","False","True","-0.36","-1.04","0.65","-0.40","-0.24","-0.91","False","0.75","-0.36","0.01","-0.05","-0.01"
"G138701_RCCBMS_00113_T_v1_RNA_OnPrem","False","True","-0.36","0.32","0.70","0.18","-0.17","-0.78","False","0.26","-0.36","-0.04","-0.01","0.00"
"EA.dea5a534a4","False","True","-0.37","1.85","0.84","0.68","0.46","1.86","True","-0.37","-0.12","0.05","-0.02","-0.06"
"P66511_10D_Run1_S3_L001","False","True","-0.37","-0.43","0.79","-0.47","0.20","-0.64","False","-0.12","-0.37","-0.03","-0.08","0.04"
"SRR3184286","False","True","-0.37","0.60","0.87","0.25","-0.27","0.69","True","-0.37","0.70","0.05","0.03","0.02"
"EA632133","False","True","-0.38","1.05","0.23","0.68","1.68","0.06","False","0.66","-0.38","0.01","-0.03","-0.04"
"SAM9725303dce0c","False","True","-0.38","-0.39","0.48","-0.25","0.11","-1.27","False","-0.35","-0.38","0.05","-0.18","0.04"
"SRR3184305","False","True","-0.38","-0.86","0.54","-0.19","-0.45","0.04","False","-0.37","-0.38","0.06","-0.15","0.02"
"EA.7352e8d34a","False","True","-0.38","0.65","0.44","0.17","0.56","0.54","False","0.17","-0.38","-0.05","0.00","-0.01"
"P66287_11B_Run1_S21_L002","False","True","-0.38","-0.50","0.27","-0.67","-0.17","-0.24","False","0.34","-0.38","-0.04","-0.05","0.03"
"ERR2498016","False","True","-0.38","0.61","0.94","0.59","-0.17","0.73","True","-0.38","-0.61","-0.08","-0.07","0.04"
"EA.364de94f4d","False","True","-0.38","-0.34","0.53","-0.17","-0.04","-0.38","False","0.20","-0.38","0.06","-0.13","0.01"
"SRR3184283","False","True","-0.38","-1.79","0.60","-1.06","-1.36","-1.95","False","-0.27","-0.38","-0.08","0.01","0.01"
"G138701_RCCBMS_00103_T_v1_RNA_OnPrem","False","True","-0.39","0.55","0.65","-0.25","-4.77","0.73","True","-0.39","0.13","0.02","-0.01","0.00"
"P66507_02D_Run1_S25_L002","False","True","-0.39","0.22","0.48","0.41","-5.72","0.98","False","0.25","-0.39","-0.02","-0.06","0.01"
"SAM7bff231634e9","False","True","-0.39","2.32","0.74","0.85","3.11","0.45","False","-0.64","-0.39","0.10","-0.15","-0.03"
"P66291_01B_Run1_S2_L001","False","True","-0.39","1.44","0.81","0.73","0.77","0.37","False","0.09","-0.39","-0.03","-0.02","-0.01"
"G138701_RCCBMS_00111_T_v1_RNA_OnPrem","False","True","-0.40","-1.57","0.16","-0.27","0.22","0.41","False","0.62","-0.40","-0.04","-0.03","0.01"
"SAM3e8baff50d7a","False","True","-0.40","-0.45","0.61","-0.47","-1.05","-1.64","False","-0.70","-0.40","0.03","-0.13","0.02"
"G109543_RCCBMS_00114_T_v1_RNA_OnPrem","False","True","-0.40","-0.03","0.55","-0.04","-1.10","0.40","True","-0.40","-0.21","-0.01","-0.05","0.02"
"ERR2208951","False","True","-0.40","0.29","0.24","0.13","-0.05","0.18","False","0.05","-0.40","0.00","-0.02","-0.04"
"P66511_10G_Run1_S4_L001","False","True","-0.40","-0.06","0.38","-0.14","-5.72","-0.20","False","0.32","-0.40","-0.03","-0.03","-0.01"
"SRR10899955","False","True","-0.41","-0.82","0.38","-0.60","0.53","-0.40","False","-0.31","-0.41","-0.03","-0.01","-0.02"
"SAMcc4675f394a1","False","True","-0.41","-1.56","0.16","-0.85","-1.49","-0.81","False","0.18","-0.41","-0.07","0.01","0.00"
"SAMd1bd63734394","False","True","-0.41","1.71","0.79","0.49","-0.07","0.73","True","-0.41","-0.63","0.12","-0.18","-0.06"
"EA.7bed3ce5a0","False","True","-0.42","2.54","0.79","0.77","0.48","1.33","True","-0.42","-0.01","0.09","-0.07","-0.02"
"G138701_RCCBMS_00110_T_v1_RNA_OnPrem","False","True","-0.42","-0.21","0.67","-0.14","-0.33","-1.48","False","0.02","-0.42","-0.03","-0.07","0.03"
"SAMd35318127278","False","True","-0.43","1.08","0.96","0.41","1.24","0.51","True","-0.43","-0.91","0.04","-0.22","0.01"
"SRR10842379","False","True","-0.43","1.13","0.53","0.25","0.56","0.18","False","-0.58","-0.43","-0.02","0.00","-0.06"
"P66425_02E_Run1_S6_L001","False","True","-0.43","-0.46","0.42","0.19","0.11","-0.21","False","1.06","-0.43","-0.03","-0.04","0.00"
"G138701_RCCBMS_00025_T_v1_RNA_OnPrem","False","True","-0.43","-0.90","0.66","-0.16","0.57","0.29","False","-0.21","-0.43","-0.04","-0.04","0.00"
"P66425_02C_Run1_S5_L001","False","True","-0.44","0.45","0.54","0.32","0.42","0.41","False","0.28","-0.44","-0.04","-0.03","-0.00"
"EA.ea74d52434","False","True","-0.44","0.81","0.47","0.47","1.16","1.51","False","-0.39","-0.44","-0.07","0.03","-0.03"
"EA.76af40f7b1","False","True","-0.44","1.32","0.53","0.52","0.06","0.57","False","0.51","-0.44","-0.09","0.05","-0.02"
"SRR10900564","False","True","-0.44","0.40","0.49","-0.04","-0.40","0.51","True","-0.44","-0.68","-0.04","-0.01","-0.06"
"EA.8827b290ed","False","True","-0.44","1.66","0.81","0.92","0.18","1.51","True","-0.44","0.26","0.06","0.04","-0.06"
"SRR10900014","False","True","-0.44","-1.21","0.70","-0.78","-0.69","-0.88","False","-1.40","-0.44","-0.07","-0.05","0.04"
"EA.b31cf4b3e1","False","True","-0.45","-0.70","0.46","0.06","0.35","0.60","False","1.27","-0.45","-0.05","-0.02","0.01"
"EA632123","False","True","-0.45","0.69","0.65","0.39","0.75","0.68","False","-0.05","-0.45","-0.02","-0.05","-0.01"
"EA639131","False","True","-0.45","-0.63","0.44","-0.11","-0.04","0.22","False","0.28","-0.45","-0.04","-0.06","0.02"
"SAM075e037d95bc","False","True","-0.46","-1.81","0.35","-1.24","-0.86","-1.45","False","-0.65","-0.46","0.03","-0.13","0.02"
"SRR10899978","False","True","-0.46","1.57","0.66","0.80","1.47","2.25","True","-0.46","-0.74","-0.03","-0.10","0.01"
"P66282_09E_Run1_S10_L001","False","True","-0.46","0.55","0.81","-0.51","-0.40","0.03","False","-0.41","-0.46","-0.02","-0.07","0.01"
"SAM9306c5c92444","False","True","-0.46","1.15","0.73","0.35","0.57","0.17","False","-1.12","-0.46","0.09","-0.18","0.00"
"SRR2665516","False","True","-0.46","-0.30","0.35","0.36","-1.05","0.54","False","1.48","-0.46","-0.16","0.09","0.01"
"SAMc1b27bc16435","False","True","-0.47","-0.11","0.24","-0.09","-0.88","0.90","True","-0.47","0.05","0.06","-0.10","0.04"
"SAMabc151b01ea3","False","True","-0.47","-2.02","0.57","-0.97","-1.55","-0.78","False","0.12","-0.47","-0.02","-0.05","-0.00"
"EA.221a117856","False","True","-0.47","-1.22","0.49","-1.00","-1.57","-1.56","False","-0.03","-0.47","0.00","-0.11","0.03"
"EA.b8e45bbb80","False","True","-0.48","-1.04","0.51","-0.60","-0.32","1.21","False","0.04","-0.48","-0.10","0.05","-0.01"
"ERR2498014","False","True","-0.48","-2.37","0.76","-1.63","-1.47","-0.73","False","-0.41","-0.48","-0.07","-0.05","0.05"
"SRR10899977","False","True","-0.48","-0.00","0.58","0.16","0.37","0.44","False","0.30","-0.48","-0.05","-0.03","0.00"
"ERR2498015","False","True","-0.48","-0.77","0.94","-0.38","-0.92","-0.53","False","-0.13","-0.48","-0.04","-0.07","0.04"
"P66425_06F_Run1_S29_L002","False","True","-0.48","-1.02","0.45","-0.44","-0.31","-0.27","False","0.02","-0.48","-0.02","-0.07","0.01"
"EA.00b68d2219","False","True","-0.49","0.48","0.13","0.25","-0.88","1.25","False","0.40","-0.49","-0.07","0.10","-0.09"
"G138701_RCCBMS_00116_T_v1_RNA_OnPrem","False","True","-0.50","-0.66","0.90","-0.45","0.08","-1.03","False","-0.21","-0.50","-0.04","-0.08","0.03"
"EA.416b3b12b7","False","True","-0.50","-1.91","0.69","-1.28","-1.29","-1.52","False","-0.59","-0.50","-0.01","-0.11","0.04"
"RCC_90_T_SCR","False","True","-0.50","1.34","0.98","0.02","2.84","0.14","False","-1.00","-0.50","-0.01","-0.10","0.00"
"G138701_RCCBMS_00169_T_v1_RNA_OnPrem","False","True","-0.50","-0.56","0.53","-0.07","0.47","-1.42","False","-0.09","-0.50","-0.01","-0.07","-0.01"
"SAM5ffd7e4cd794","False","True","-0.50","-0.65","0.19","-0.78","-1.71","-1.02","False","-0.13","-0.50","-0.03","-0.06","0.01"
"SAM110501d0eedb","False","True","-0.50","0.32","0.55","0.15","-0.48","-0.48","False","-0.06","-0.50","-0.02","-0.10","0.04"
"EA.d76c2ef3ec","False","True","-0.50","0.61","0.20","0.37","-0.17","-0.17","False","1.25","-0.50","-0.17","0.11","0.00"
"ERR2497993","False","True","-0.51","1.09","0.72","0.38","0.52","0.81","True","-0.51","-0.77","0.10","-0.18","-0.05"
"EA.389f58aa55","False","True","-0.51","-0.92","0.61","-0.79","-1.73","-2.50","False","-0.71","-0.51","0.01","-0.12","0.02"
"SAM9e11ec6bea80","False","True","-0.51","2.06","0.90","1.47","4.12","2.91","True","-0.51","-0.08","0.04","-0.00","-0.05"
"ERR2498027","False","True","-0.51","-0.18","0.12","0.12","-0.66","-0.60","False","1.39","-0.51","-0.07","-0.04","0.04"
"EA.72bf235b8d","False","True","-0.51","1.16","0.31","0.89","-0.35","1.53","True","-0.51","0.20","0.01","-0.01","0.03"
"P66425_08E_Run1_S6_L001","False","True","-0.52","0.75","0.67","0.66","0.55","1.01","False","0.56","-0.52","-0.03","-0.05","-0.00"
"EA.6ab3eb1b93","False","True","-0.52","2.47","0.55","1.08","1.00","1.74","True","-0.52","0.65","0.13","0.02","-0.06"
"EA.94c670cf1e","False","True","-0.52","0.10","0.50","-0.10","0.08","-0.59","False","-0.43","-0.52","-0.01","-0.05","-0.03"
"EA.75b63f12f5","False","True","-0.52","-2.18","0.93","-1.82","-2.19","-1.84","False","-1.57","-0.52","0.09","-0.19","0.00"
"EA.b34cdb17ee","False","True","-0.52","0.11","0.42","0.17","-1.06","0.29","False","0.42","-0.52","-0.06","-0.03","0.02"
"P66432_10G_Run1_S4_L001","False","True","-0.53","-0.90","0.28","-0.10","0.12","-2.30","False","0.04","-0.53","-0.02","-0.07","0.00"
"EA639099","False","True","-0.53","0.28","0.49","0.13","0.49","0.21","False","0.67","-0.53","-0.06","-0.02","-0.01"
"ERR2208897","False","True","-0.53","0.17","0.30","-0.11","0.08","0.27","False","-0.49","-0.53","-0.02","-0.11","0.04"
"EA.b481ead925","False","True","-0.53","-0.69","0.35","-0.01","1.14","0.12","False","0.53","-0.53","-0.03","-0.12","0.04"
"G138701_RCCBMS_00093_T_v1_RNA_OnPrem","False","True","-0.53","0.27","0.48","0.72","0.53","1.42","False","0.83","-0.53","-0.05","-0.03","-0.00"
"SAM6780ed436b55","False","True","-0.53","1.47","0.58","0.62","0.26","0.69","True","-0.53","0.41","0.08","0.00","-0.03"
"P66451_06A_Run1_S10_L001","False","True","-0.54","0.31","0.54","0.18","0.09","-1.07","False","0.38","-0.54","-0.05","-0.05","0.02"
"ERR2498028","False","True","-0.54","3.56","0.82","2.02","2.60","1.75","True","-0.54","-0.28","0.07","-0.08","-0.05"
"EA.2bd19392cc","False","True","-0.54","1.31","0.82","0.77","1.61","-0.21","False","0.07","-0.54","-0.03","0.04","-0.08"
"SAM2e7aa8fa0ab3","False","True","-0.55","0.50","0.36","0.04","-0.90","0.08","False","-0.22","-0.55","-0.04","-0.01","-0.03"
"EA.6384f024c9","False","True","-0.55","-2.31","0.76","-1.34","-2.14","-1.65","False","0.40","-0.55","-0.05","-0.06","0.03"
"EA.28309af25e","False","True","-0.55","2.66","0.69","1.55","2.43","0.77","False","0.26","-0.55","-0.00","0.01","-0.09"
"EA595500","False","True","-0.55","-0.17","0.60","-0.10","-0.06","0.46","False","-0.25","-0.55","-0.05","-0.07","0.03"
"P66287_12C_Run1_S29_L002","False","True","-0.56","-0.65","0.43","-0.49","0.53","-0.07","False","0.64","-0.56","-0.04","-0.07","0.02"
"P66507_08H_Run1_S24_L002","False","True","-0.56","-0.05","0.77","0.13","0.61","0.74","False","-0.02","-0.56","-0.03","-0.07","0.00"
"EA.72cd721440","False","True","-0.56","0.12","0.25","-0.52","-1.02","-0.60","False","-0.39","-0.56","-0.03","-0.09","0.03"
"SAMae1690469964","False","True","-0.56","0.38","0.86","-0.04","-0.48","-0.56","False","-0.50","-0.56","0.03","-0.16","0.04"
"SAM4b0175e8db6e","False","True","-0.57","-0.62","0.35","0.07","0.20","0.04","False","1.06","-0.57","-0.09","-0.01","0.01"
"SRR10900572","False","True","-0.57","0.92","0.85","0.53","0.76","0.92","True","-0.57","-0.06","0.03","-0.09","0.04"
"P66425_11F_Run1_S14_L002","False","True","-0.57","0.97","0.53","0.96","-1.27","1.02","False","0.98","-0.57","-0.04","-0.06","-0.00"
"EA.f50cdf3b37","False","True","-0.58","-0.02","0.46","0.29","-0.64","-0.51","False","0.15","-0.58","-0.06","-0.02","-0.01"
"EA632234","False","True","-0.58","1.28","0.73","0.30","-0.46","1.53","True","-0.58","-0.21","0.05","-0.11","0.00"
"SAMb4c7a001537d","False","True","-0.58","0.24","0.85","-0.22","-1.18","-0.18","False","-0.78","-0.58","0.01","-0.12","0.01"
"SAM7829a341b9f3","False","True","-0.59","0.44","0.75","0.33","1.96","0.61","False","0.23","-0.59","0.02","-0.08","-0.03"
"SAM1a87df750b9d","False","True","-0.59","1.03","0.84","0.44","0.10","0.42","True","-0.59","0.27","0.08","-0.01","-0.04"
"SAM3ee5dcd894f0","False","True","-0.60","-1.77","0.03","-1.10","-1.15","-1.54","False","1.39","-0.60","-0.02","-0.04","-0.03"
"P66432_08B_Run1_S23_L002","False","True","-0.60","-0.45","0.40","-0.05","2.41","-0.75","False","0.69","-0.60","-0.07","-0.01","-0.01"
"EA.a395dd1934","False","True","-0.60","-0.69","0.39","-0.63","-1.38","-1.23","False","-0.47","-0.60","0.03","-0.15","0.02"
"EA.e658480097","False","True","-0.60","0.62","0.17","0.13","-0.36","0.61","True","-0.60","0.31","-0.03","0.11","-0.02"
"P66287_11C_Run1_S22_L002","False","True","-0.60","1.00","0.58","0.52","-0.57","0.61","False","-0.08","-0.60","-0.03","-0.07","-0.01"
"SAM6083aac8db99","False","True","-0.60","1.55","0.84","0.77","0.30","0.41","False","-0.71","-0.60","-0.00","-0.10","-0.00"
"P66287_02A_Run1_S5_L001","False","True","-0.62","-0.87","0.76","-0.05","0.65","1.73","True","-0.62","0.33","-0.04","0.07","0.02"
"SRR10900555","False","True","-0.62","0.88","0.45","0.48","2.70","0.37","True","-0.62","-0.79","-0.03","-0.05","-0.04"
"G138701_RCCBMS_00136_T_v1_RNA_OnPrem","False","True","-0.63","-0.21","0.64","0.12","1.01","0.46","False","0.12","-0.63","-0.02","-0.11","0.02"
"P66511_05E_Run1_S11_L001","False","True","-0.63","-0.58","0.67","-0.14","0.46","-1.85","False","0.13","-0.63","-0.05","-0.03","-0.01"
"SRR10842068","False","True","-0.64","0.26","0.18","-1.17","-1.98","-1.47","False","-1.19","-0.64","-0.03","-0.04","-0.04"
"gerald_H5NKVBBXX_6_CGGCTATG.ATAGAGGC","False","True","-0.64","0.09","0.37","-0.59","-0.99","0.74","False","-0.09","-0.64","-0.03","-0.08","0.01"
"SAMdcae54fcd7fa","False","True","-0.64","-1.16","0.43","0.16","0.88","-0.32","False","0.91","-0.64","-0.06","0.02","-0.05"
"EA647814","False","True","-0.64","-2.12","0.59","-1.57","-0.40","-2.22","False","-0.43","-0.64","-0.07","-0.06","0.03"
"EA.9ce9757dbf","False","True","-0.64","-0.57","0.64","-0.39","0.97","0.09","False","0.18","-0.64","-0.10","0.01","-0.01"
"SAM14938611a2d3","False","True","-0.65","0.93","0.75","0.31","0.63","-0.03","False","0.12","-0.65","-0.01","-0.08","-0.02"
"ERR2208953","False","True","-0.65","-0.34","0.66","-0.38","-0.29","-0.54","False","-0.35","-0.65","-0.04","-0.03","-0.04"
"P66291_05G_Run1_S22_L002","False","True","-0.65","0.88","0.57","0.73","-0.01","1.69","False","-0.23","-0.65","-0.02","-0.11","0.01"
"SAM7538ad9ff524","False","True","-0.65","0.41","0.41","-0.19","-0.21","0.02","False","0.11","-0.65","0.01","-0.09","-0.03"
"P66451_07E_Run1_S19_L002","False","True","-0.65","0.38","0.45","0.18","0.74","0.30","False","0.65","-0.65","-0.07","-0.04","0.00"
"gerald_H5NKVBBXX_7_CTGAAGCT.TATAGCCT","False","True","-0.65","2.19","0.50","1.06","3.06","-0.57","False","0.07","-0.65","-0.01","0.07","-0.15"
"SRR10899995","False","True","-0.66","1.25","0.50","0.29","-0.37","1.40","True","-0.66","-0.75","0.04","-0.17","-0.00"
"P66425_05B_Run1_S21_L002","False","True","-0.66","-0.83","0.67","-0.34","-0.25","0.71","False","0.35","-0.66","-0.03","-0.10","0.01"
"EA.4d848746ba","False","True","-0.67","-0.51","0.90","-0.77","-1.28","0.49","False","-1.31","-0.67","0.04","-0.23","0.07"
"P66287_05E_Run1_S24_L002","False","True","-0.69","1.72","0.55","1.39","1.02","2.45","False","-0.35","-0.69","-0.03","-0.08","-0.01"
"ERR2497989","False","True","-0.69","-0.61","0.81","-0.40","-0.63","-0.13","False","0.00","-0.69","-0.09","-0.01","0.01"
"EA.044dbcc71b","False","True","-0.70","0.85","0.62","0.34","-0.19","1.10","False","-0.05","-0.70","-0.00","-0.05","-0.06"
"SAM75142fcab9df","False","True","-0.70","-0.07","0.19","0.21","-0.73","0.97","False","0.48","-0.70","-0.11","0.02","-0.01"
"SRR10899973","False","True","-0.71","1.68","0.65","1.61","3.63","1.59","False","1.24","-0.71","-0.07","0.04","-0.07"
"SRR10900011","False","True","-0.71","1.51","0.53","0.64","-1.98","3.10","False","-0.03","-0.71","-0.07","-0.05","0.01"
"EA.fa5e35fa32","False","True","-0.71","1.07","0.99","0.54","0.26","1.60","True","-0.71","-0.26","0.10","-0.13","-0.02"
"EA.5468e1dc03","False","True","-0.72","-0.07","0.95","-0.40","-0.87","-0.56","False","-0.72","-0.72","0.05","-0.17","-0.01"
"EA.5b31e16d8e","False","True","-0.72","0.48","0.15","0.29","-0.96","0.03","False","0.04","-0.72","-0.04","-0.09","0.01"
"ERR2498033","False","True","-0.72","2.40","0.86","0.81","2.81","-0.02","False","-0.19","-0.72","0.06","-0.10","-0.08"
"EA639018","False","True","-0.73","0.64","0.65","-0.06","0.45","-0.28","False","0.08","-0.73","-0.07","-0.09","0.03"
"EA.195a03dda5","False","True","-0.73","0.48","0.18","0.28","-0.70","-0.06","False","1.09","-0.73","-0.03","-0.07","-0.01"
"SRR10900573","False","True","-0.73","1.04","0.38","1.01","1.18","1.24","False","1.04","-0.73","-0.11","0.07","-0.06"
"SAM0257bbbbd388","False","True","-0.73","-0.53","0.78","-0.18","-0.56","0.29","True","-0.73","-0.25","0.03","-0.12","0.05"
"EA639040","False","True","-0.74","0.23","0.55","0.24","-0.14","0.51","False","0.80","-0.74","-0.05","-0.08","0.01"
"SRR2755094","False","True","-0.75","-0.58","0.31","0.15","1.29","0.10","False","0.32","-0.75","-0.02","-0.08","-0.01"
"EA.a3150b5d15","False","True","-0.75","0.08","0.24","0.72","-0.51","1.21","False","1.67","-0.75","-0.14","0.05","-0.01"
"SAM97a00e0929fb","False","True","-0.76","0.22","0.34","0.02","-0.68","0.72","True","-0.76","-0.19","0.06","-0.13","0.02"
"SRR10900566","False","True","-0.76","0.05","0.36","0.25","0.97","-0.26","False","0.23","-0.76","-0.09","0.05","-0.07"
"SAM4b7ea015fd9e","False","True","-0.77","-2.40","0.51","-1.87","-1.15","-2.07","False","-0.53","-0.77","-0.00","-0.16","0.04"
"SAM6cbc10abddb0","False","True","-0.77","1.82","0.83","0.27","0.10","0.59","False","-1.08","-0.77","-0.04","-0.06","-0.02"
"EA.1d5156213b","False","True","-0.77","-1.48","0.65","-0.93","-0.92","-1.23","False","-0.44","-0.77","-0.08","-0.07","0.02"
"EA.f3a6d7fd6f","False","True","-0.77","-0.36","0.56","0.07","0.23","-0.39","False","0.19","-0.77","-0.12","-0.02","0.03"
"EA.c462323c72","False","True","-0.78","-1.29","0.59","-0.41","-0.52","0.35","False","0.78","-0.78","-0.10","-0.06","0.05"
"EA.43076b9daa","False","True","-0.78","0.80","0.70","0.49","0.66","0.75","True","-0.78","-0.16","0.03","-0.04","-0.01"
"SAM6f2a102a99df","False","True","-0.78","2.33","0.15","1.20","2.50","0.63","False","0.66","-0.78","-0.05","0.01","-0.07"
"P66425_04C_Run1_S18_L002","False","True","-0.79","-0.76","0.61","-0.27","0.17","-2.31","False","0.50","-0.79","-0.07","-0.09","0.03"
"RCC_99_T_SCR","False","True","-0.79","0.45","0.93","-0.11","0.07","-0.07","False","-0.48","-0.79","0.02","-0.14","-0.02"
"SRR3184300","False","True","-0.80","-1.70","0.91","-0.88","1.96","-1.77","False","0.35","-0.80","-0.04","-0.09","0.01"
"ERR2208954","False","True","-0.81","2.84","0.38","1.87","2.49","2.09","False","1.68","-0.81","-0.08","0.08","-0.11"
"SRR3184301","False","True","-0.82","1.28","0.78","0.82","0.17","1.53","False","-0.13","-0.82","-0.06","-0.08","0.02"
"P66507_04D_Run1_S3_L001","False","True","-0.82","-2.04","0.50","-0.54","-0.84","-0.79","False","0.10","-0.82","-0.03","-0.13","0.01"
"EA.b163abbb35","False","True","-0.83","0.41","0.10","0.47","1.56","1.06","False","1.85","-0.83","-0.08","-0.04","-0.01"
"EA.b959778319","False","True","-0.84","-1.02","0.63","-0.43","-0.31","-1.23","False","-0.15","-0.84","-0.08","-0.05","0.00"
"EA.1d1dae5757","False","True","-0.85","-1.35","0.30","-0.82","-1.60","-1.48","False","-0.06","-0.85","-0.17","0.01","0.04"
"EA.3d57c755d9","False","True","-0.86","0.05","0.53","0.39","0.45","-0.26","False","0.86","-0.86","-0.12","-0.02","0.01"
"SRR2778609","False","True","-0.86","0.89","0.75","0.84","0.41","2.49","False","0.44","-0.86","-0.11","-0.01","-0.01"
"SRR10842368","False","True","-0.89","-0.86","0.26","-1.05","1.51","-1.25","False","-0.79","-0.89","-0.07","-0.06","-0.01"
"EA.66b093e7f2","False","True","-0.90","-0.46","0.66","0.25","0.25","-0.88","False","0.61","-0.90","-0.04","-0.10","-0.00"
"SAM34430ef08e5b","False","True","-0.91","0.04","0.27","0.37","-0.69","0.80","False","1.16","-0.91","-0.08","-0.02","-0.04"
"EA.5354d4ff11","False","True","-0.91","-0.45","0.22","0.13","-1.28","0.99","False","0.59","-0.91","-0.14","-0.03","0.04"
"EA639081","False","True","-0.92","1.18","0.71","0.38","0.41","0.73","False","0.10","-0.92","-0.05","-0.12","0.01"
"EA.28acd3ebc7","False","True","-0.93","-1.88","0.87","-1.16","0.13","0.42","False","-0.30","-0.93","0.04","-0.20","0.01"
"EA.c81d5d1a5a","False","True","-0.94","-2.50","0.67","-1.52","-2.03","-2.00","False","-0.21","-0.94","-0.02","-0.18","0.05"
"EA.d1f9692720","False","True","-0.94","-0.40","0.85","-0.40","0.20","1.43","False","-0.67","-0.94","-0.01","-0.20","0.05"
"gerald_H5NKVBBXX_4_TAATGCGC.ATAGAGGC","False","True","-0.94","-1.28","0.06","-1.20","-1.80","-0.84","False","0.28","-0.94","-0.08","-0.05","-0.01"
"SAM61b9d4d84c64","False","True","-0.94","0.76","0.75","0.13","-0.66","0.07","False","-0.64","-0.94","0.01","-0.19","0.02"
"EA.819aa0aae0","False","True","-0.94","-0.71","0.41","0.02","-1.95","2.12","False","0.52","-0.94","-0.04","-0.11","0.01"
"EA.769f4957f8","False","True","-0.96","-1.68","0.53","-0.82","-0.28","-0.44","False","0.37","-0.96","-0.02","-0.11","-0.01"
"EA.a9869a0237","False","True","-0.96","-0.72","0.50","-0.13","-0.10","-0.67","False","1.43","-0.96","-0.14","0.06","-0.06"
"EA632772","False","True","-0.96","-0.37","0.24","0.40","0.68","0.67","False","0.99","-0.96","-0.07","-0.10","0.00"
"SRR5088840","False","True","-0.96","-1.29","0.90","-0.71","-1.35","0.32","False","0.58","-0.96","-0.05","-0.11","0.02"
"ERR2208974","False","True","-0.97","2.63","0.60","1.60","1.07","1.65","False","0.39","-0.97","-0.02","-0.03","-0.10"
"EA.44c14d6642","False","True","-0.99","1.50","0.82","0.67","1.14","0.81","True","-0.99","0.67","0.05","0.08","-0.03"
"EA.6a05900be3","False","True","-0.99","-0.70","0.24","-0.15","-0.38","-0.00","False","0.72","-0.99","-0.16","0.01","0.02"
"EA.13605d0f04","False","True","-1.00","1.28","0.47","1.00","1.10","0.51","False","0.98","-1.00","-0.02","-0.13","-0.01"
"ERR2497990","False","True","-1.00","-0.53","0.70","-0.15","-0.48","-0.30","False","-0.44","-1.00","-0.04","-0.14","0.03"
"EA.a2714bb09f","False","True","-1.00","0.12","0.78","0.16","1.65","0.56","False","-0.77","-1.00","-0.02","-0.19","0.03"
"EA.b249172d62","False","True","-1.01","0.53","0.36","0.01","-1.00","-0.96","False","-0.09","-1.01","-0.09","-0.06","0.00"
"SAM2070b416069c","False","True","-1.02","0.24","0.83","-0.02","-0.68","-0.58","False","0.17","-1.02","-0.03","-0.13","0.01"
"SAM065890737112","False","True","-1.03","1.13","0.43","0.38","-0.37","-0.20","False","-0.98","-1.03","0.02","-0.21","0.01"
"SAMfb7aec7cb0e2","False","True","-1.03","2.30","0.79","1.26","2.53","0.51","False","-0.24","-1.03","-0.00","-0.06","-0.11"
"SRR5088897","False","True","-1.04","0.06","0.46","-0.17","-0.75","-0.14","False","0.57","-1.04","-0.13","-0.00","-0.02"
"EA.801476e40a","False","True","-1.04","-1.19","0.46","-0.42","-0.28","-0.57","False","0.89","-1.04","-0.09","-0.09","0.02"
"SAMa424c75831b4","False","True","-1.06","0.85","0.37","0.32","-0.68","1.10","True","-1.06","0.73","0.07","0.02","0.02"
"EA.01813c5ad1","False","True","-1.06","-0.14","0.18","0.54","-1.27","0.56","False","1.28","-1.06","-0.17","0.04","-0.02"
"SRR10842376","False","True","-1.07","1.43","0.58","1.21","0.55","0.84","False","1.18","-1.07","-0.09","-0.05","-0.04"
"ERR2498013","False","True","-1.07","-0.96","0.92","-0.30","-0.80","0.62","False","0.28","-1.07","-0.08","-0.10","0.02"
"SAM73663ee4a96e","False","True","-1.08","1.02","0.34","0.64","0.10","-0.03","False","0.97","-1.08","-0.07","-0.05","-0.04"
"SAMa1871f491b02","False","True","-1.08","0.31","0.83","-0.44","-0.65","-0.56","False","-0.87","-1.08","0.02","-0.17","-0.03"
"ERR2497988","False","True","-1.09","-0.54","0.72","-0.18","-0.46","-0.06","False","-0.35","-1.09","-0.09","-0.07","-0.00"
"gerald_H5NKVBBXX_7_TCCGGAGA.CCTATCCT","False","True","-1.14","1.68","0.74","1.10","1.75","0.18","False","0.53","-1.14","-0.01","-0.16","-0.02"
"SAMcf018fee2acd","False","True","-1.15","-0.47","0.82","-0.07","-0.16","-0.23","False","0.35","-1.15","-0.11","-0.06","0.00"
"SAMf275eb859a39","False","True","-1.15","0.66","0.81","0.09","0.09","-0.45","False","0.10","-1.15","-0.06","-0.12","-0.01"
"EA.2fbdfe2839","False","True","-1.15","0.14","0.15","0.10","1.54","-1.26","False","1.18","-1.15","-0.09","-0.08","-0.01"
"P66282_05D_Run1_S21_L002","False","True","-1.16","2.20","0.47","0.46","1.48","1.86","True","-1.16","0.09","0.02","0.00","-0.01"
"EA.033a6dffad","False","True","-1.17","0.79","0.35","0.52","-0.10","-0.09","False","0.50","-1.17","-0.12","-0.02","-0.02"
"EA.0377054c4d","False","True","-1.18","0.32","0.46","0.19","0.09","-0.22","False","0.83","-1.18","-0.10","-0.05","-0.02"
"SAMe7bf6c015192","False","True","-1.18","1.46","0.27","0.88","0.39","0.41","False","0.83","-1.18","-0.08","-0.04","-0.06"
"P66511_09E_Run1_S29_L002","False","True","-1.18","-0.67","0.89","-0.27","1.50","-1.80","False","-0.57","-1.18","-0.06","-0.14","-0.01"
"EA.428b5f374f","False","True","-1.20","1.10","0.34","0.26","0.21","-0.67","False","-0.33","-1.20","-0.01","-0.18","-0.00"
"EA.ea47f20418","False","True","-1.20","3.61","0.55","1.73","2.73","0.55","False","0.70","-1.20","-0.16","0.08","-0.08"
"SRR3184280","False","True","-1.21","0.79","0.88","0.18","0.67","0.42","False","-0.27","-1.21","-0.11","-0.05","-0.02"
"EA.fa3f77cae0","False","True","-1.24","-0.78","0.50","-0.06","-0.38","0.62","False","0.95","-1.24","-0.11","-0.04","-0.03"
"ERR2208971","False","True","-1.26","0.68","0.17","1.12","1.12","2.52","False","2.17","-1.26","-0.10","-0.05","-0.03"
"EA.119d009c88","False","True","-1.26","0.06","0.29","0.12","-0.00","-0.70","False","0.78","-1.26","-0.25","0.18","-0.10"
"EA.ca2aad8bdb","False","True","-1.28","0.96","0.23","0.92","0.08","1.08","False","1.52","-1.28","-0.17","0.09","-0.10"
"EA.35703b7c82","False","True","-1.28","1.24","0.29","1.06","0.96","0.94","False","1.28","-1.28","-0.12","-0.02","-0.05"
"SAM7d2dfba6cd84","False","True","-1.28","0.44","0.20","0.89","1.15","0.41","False","1.76","-1.28","-0.12","0.03","-0.09"
"EA.df835d16f5","False","True","-1.31","0.09","0.46","0.32","-0.03","-0.11","False","0.49","-1.31","-0.11","-0.10","0.01"
"SAM3cb94b0d5297","False","True","-1.36","0.38","0.55","0.32","-0.02","0.46","False","0.81","-1.36","-0.13","-0.06","-0.02"
"ERR2208970","False","True","-1.41","0.29","0.68","0.08","1.04","0.07","False","-0.03","-1.41","-0.07","-0.01","-0.13"
"EA.6add8119ba","False","True","-1.42","-0.70","0.54","-0.15","-0.38","-0.05","False","0.52","-1.42","-0.12","-0.12","0.02"
"SRR8281239","False","True","-1.42","0.02","0.24","0.42","-0.03","0.91","False","0.58","-1.42","-0.12","-0.09","-0.01"
"EA.ada5a8fa2b","False","True","-1.44","1.63","0.99","0.42","0.72","-0.11","False","-0.64","-1.44","0.04","-0.25","-0.03"
"SRR10900579","False","True","-1.46","2.04","0.10","1.54","-1.98","0.12","False","1.54","-1.46","-0.09","-0.08","-0.04"
"EA.41e7a59cb4","False","True","-1.47","0.34","0.73","0.26","0.65","-0.82","False","0.46","-1.47","-0.16","-0.05","-0.01"
"ERR2208964","False","True","-1.47","1.54","0.39","0.81","1.84","0.68","False","0.74","-1.47","-0.25","0.07","-0.02"
"SAMb15ac6e4c4ef","False","True","-1.49","1.60","0.42","0.77","0.21","0.07","False","0.68","-1.49","-0.08","-0.12","-0.02"
"EA.8e84ee04e0","False","True","-1.50","-0.84","0.09","-0.31","-0.80","-0.68","False","1.22","-1.50","-0.21","0.02","-0.02"
"SRR8281244","False","True","-1.51","0.02","0.53","0.86","-0.72","3.21","False","0.28","-1.51","-0.14","-0.05","-0.04"
"ERR2208890","False","True","-1.54","0.74","0.52","0.67","0.24","1.14","False","1.42","-1.54","-0.17","-0.03","-0.01"
"EA.2683ccb3a1","False","True","-1.56","-0.81","0.33","-0.29","-1.06","-0.68","False","0.66","-1.56","-0.15","-0.07","-0.01"
"EA.d89deb4e3e","False","True","-1.57","1.66","0.38","0.95","0.70","0.64","False","1.35","-1.57","-0.23","0.05","-0.04"
"EA.8364b312ee","False","True","-1.58","2.23","0.60","1.49","0.71","1.05","False","0.83","-1.58","-0.19","0.03","-0.07"
"gerald_H5NKVBBXX_4_CTGAAGCT.ATAGAGGC","False","True","-1.58","-1.32","0.07","-1.46","-1.43","-1.17","False","-0.84","-1.58","-0.03","-0.23","-0.00"
"EA.59b481939c","False","True","-1.59","-0.78","0.86","-0.30","-2.08","0.06","False","0.66","-1.59","-0.07","-0.16","-0.01"
"SRR10900593","False","True","-1.62","1.72","0.98","0.71","5.30","1.13","False","0.59","-1.62","-0.10","-0.12","-0.02"
"ERR2498020","False","True","-1.62","0.30","0.85","1.01","-0.33","1.56","False","1.37","-1.62","-0.17","-0.11","0.02"
"EA.15fca43434","False","True","-1.65","0.08","0.68","0.37","-0.68","1.43","False","0.92","-1.65","-0.20","-0.03","-0.01"
"EA.f3251ce553","False","True","-1.66","0.79","0.68","0.19","-0.42","-0.09","False","0.80","-1.66","-0.05","-0.19","-0.01"
"EA.634f98825f","False","True","-1.68","0.20","0.52","0.33","-0.42","0.69","False","0.83","-1.68","-0.14","-0.01","-0.11"
"SAM3b1066e5801b","False","True","-1.69","0.27","0.51","1.30","0.93","2.03","False","1.48","-1.69","-0.15","-0.09","-0.00"
"EA.9fd33cc24a","False","True","-1.74","0.51","0.58","0.45","0.40","-1.02","False","1.15","-1.74","-0.20","-0.03","-0.03"
"SAM18a4dabbc557","False","True","-1.74","0.96","0.33","0.33","1.55","0.14","False","-0.62","-1.74","-0.08","-0.15","-0.04"
"EA.24a047b9ce","False","True","-1.74","-1.21","0.40","-0.48","0.03","-0.82","False","0.17","-1.74","-0.14","-0.10","-0.02"
"EA.022952077d","False","True","-1.84","0.37","0.57","0.33","-0.33","-0.19","False","1.05","-1.84","-0.19","-0.10","0.00"
"SRR10900571","False","True","-1.87","3.27","0.45","1.97","1.78","3.74","False","2.23","-1.87","-0.19","0.00","-0.09"
"ERR2208973","False","True","-1.90","0.18","0.51","-0.02","-0.17","0.86","False","0.10","-1.90","-0.07","-0.21","-0.01"
"EA.60b1a8bbde","False","True","-1.93","-1.89","0.36","-0.24","1.40","-0.11","False","1.19","-1.93","-0.08","-0.26","0.04"
"EA.17638e3ffd","False","True","-2.06","-0.01","0.12","-0.45","-0.03","-1.17","False","0.47","-2.06","-0.10","-0.18","-0.03"
"ERR2208907","False","True","-2.13","2.50","0.72","0.91","1.84","0.55","False","-0.20","-2.13","-0.07","-0.21","-0.06"
"EA.a2dd40cf33","False","True","-2.21","0.35","0.31","0.75","-0.38","2.57","False","1.28","-2.21","-0.26","-0.08","0.00"
"EA.8c18391d9f","False","True","-2.33","-0.13","0.35","-0.30","0.69","1.28","False","0.33","-2.33","-0.20","-0.11","-0.05"
"EA.f33738e9e7","False","True","-2.35","-0.61","0.63","0.26","0.26","0.19","False","0.72","-2.35","-0.24","-0.07","-0.04"
"SRR5088906","False","True","-2.36","0.00","0.62","0.48","1.53","0.62","False","1.00","-2.36","-0.32","0.10","-0.11"
"EA.29e44b507a","False","True","-2.74","1.09","0.90","0.45","1.96","0.09","False","-0.41","-2.74","-0.10","-0.27","-0.05"
"EA.b79138f591","False","True","-2.85","1.60","0.29","1.38","0.13","1.63","False","1.78","-2.85","-0.18","-0.22","-0.03"
""